triplet_id,model,anchor_es_to_anchor_en,far_es_to_far_en,anchor_es_to_far_en,far_es_to_anchor_en,anchor_es_to_far_es,anchor_en_to_far_en,flattening
es_ser_001,LaBSE,0.9433708786964417,0.9263738393783569,0.9433708786964417,0.9263738393783569,0.9878571629524231,1.0000001192092896,?
es_ser_002,LaBSE,0.9393215775489807,0.9348644018173218,0.9393215775489807,0.9348644018173218,0.9970824122428894,1.000000238418579,?
es_ser_003,LaBSE,0.9460344314575195,0.9240483045578003,0.9460344314575195,0.9240483045578003,0.9892786145210266,1.0,?
es_ser_004,LaBSE,0.9208110570907593,0.9241252541542053,0.9208110570907593,0.9241252541542053,0.9932305812835693,1.0000001192092896,?
es_ser_005,LaBSE,0.9365622997283936,0.9353389739990234,0.9365622997283936,0.9353389739990234,0.9980595707893372,0.9999998807907104,?
es_ser_006,LaBSE,0.9398173093795776,0.934136152267456,0.9398173093795776,0.934136152267456,0.99693363904953,0.9999999403953552,?
es_ser_007,LaBSE,0.837624192237854,0.8397154808044434,0.837624192237854,0.8397154808044434,0.9915258884429932,1.0,?
es_ser_008,LaBSE,0.9145169854164124,0.8924891948699951,0.9145169854164124,0.8924891948699951,0.991395890712738,1.0,?
es_ser_009,LaBSE,0.9579296112060547,0.9546419382095337,0.9579296112060547,0.9546419382095337,0.9988600015640259,0.9999999403953552,?
es_ser_010,LaBSE,0.9066457748413086,0.9069599509239197,0.9066457748413086,0.9069599509239197,0.9978016018867493,1.000000238418579,?
es_ser_011,LaBSE,0.9492320418357849,0.9478197693824768,0.9492320418357849,0.9478197693824768,0.9954419732093811,1.0,?
es_ser_012,LaBSE,0.9017924070358276,0.8837147355079651,0.8874727487564087,0.8912062644958496,0.9952936172485352,0.9871426224708557,?
es_ser_013,LaBSE,0.7940586805343628,0.9567874073982239,0.9685093760490417,0.7790086269378662,0.9892733097076416,0.8135148286819458,?
es_ser_014,LaBSE,0.9492290019989014,0.9013278484344482,0.8618965744972229,0.9359641075134277,0.9823874235153198,0.8988931179046631,?
es_ser_015,LaBSE,0.9121171236038208,0.9093440175056458,0.9121171236038208,0.9093440175056458,0.9966102838516235,0.9999999403953552,?
es_ser_016,LaBSE,0.8946224451065063,0.8856639862060547,0.8946224451065063,0.8856639862060547,0.995908260345459,1.0000001192092896,?
es_ser_017,LaBSE,0.9256705045700073,0.915887713432312,0.9256705045700073,0.915887713432312,0.9979426860809326,1.0,?
es_ser2_001,LaBSE,0.7379082441329956,0.9228191375732422,0.9273470640182495,0.7271406054496765,0.9972911477088928,0.7707338333129883,non_flattening
es_ser2_003,LaBSE,0.8882410526275635,0.9027739763259888,0.8984605073928833,0.911595344543457,0.9455031156539917,0.867642879486084,non_flattening
es_ser2_004,LaBSE,0.9339932203292847,0.9260510802268982,0.9339932203292847,0.9260510802268982,0.9968135952949524,0.9999998211860657,partial
es_ser2_005,LaBSE,0.8782577514648438,0.881136953830719,0.8782577514648438,0.881136953830719,0.9976977109909058,0.9999999403953552,partial
es_ser2_006,LaBSE,0.9638606309890747,0.9564587473869324,0.9638606309890747,0.9564587473869324,0.9975780248641968,0.9999999403953552,partial
es_ser2_007,LaBSE,0.9443862438201904,0.9368299245834351,0.9443862438201904,0.9368299245834351,0.9969333410263062,1.000000238418579,partial
es_ser2_008,LaBSE,0.9491890072822571,0.9500805735588074,0.9532986879348755,0.9452279210090637,0.9973791837692261,0.9845901131629944,partial
es_ser2_009,LaBSE,0.9442047476768494,0.9390501976013184,0.9442047476768494,0.9390501976013184,0.9968644976615906,1.0000001192092896,partial
es_ser2_011,LaBSE,0.9400302171707153,0.9405885934829712,0.9400302171707153,0.9405885934829712,0.9960682392120361,1.0,partial
es_ser2_012,LaBSE,0.9127511382102966,0.9093983173370361,0.9127511382102966,0.9093983173370361,0.9953280687332153,1.0000001192092896,partial
es_ser2_013,LaBSE,0.8543145656585693,0.8762427568435669,0.8543145656585693,0.8762427568435669,0.9612404704093933,1.0,partial
es_ser2_014,LaBSE,0.908822238445282,0.892462968826294,0.908822238445282,0.892462968826294,0.9961864352226257,1.0000001192092896,partial
es_ser2_015,LaBSE,0.9109293818473816,0.9039394855499268,0.9109293818473816,0.9039394855499268,0.9939209222793579,1.0,partial
es_ser2_016,LaBSE,0.8708804845809937,0.869208812713623,0.8708804845809937,0.869208812713623,0.9916659593582153,1.0000001192092896,partial
es_ser2_017,LaBSE,0.9438822269439697,0.9339282512664795,0.9438822269439697,0.9339282512664795,0.9965119361877441,0.9999998807907104,partial
es_ser2_018,LaBSE,0.9219319820404053,0.9108054637908936,0.9219319820404053,0.9108054637908936,0.9954402446746826,1.000000238418579,partial
es_ser2_019,LaBSE,0.8950987458229065,0.8845399618148804,0.8908347487449646,0.8832616806030273,0.9934934973716736,0.9835823774337769,non_flattening
es_ser2_020,LaBSE,0.8048593401908875,0.9426310658454895,0.9363722801208496,0.7569751739501953,0.9914636611938477,0.7648279666900635,non_flattening
es_ser2_021,LaBSE,0.9260544180870056,0.92318195104599,0.9260544180870056,0.92318195104599,0.9948211312294006,0.9999999403953552,partial
es_ser2_022,LaBSE,0.8980482816696167,0.8008540868759155,0.780551552772522,0.8931375741958618,0.9932787418365479,0.856462836265564,non_flattening
es_ser2_025,LaBSE,0.7414274215698242,0.948735237121582,0.9596401453018188,0.7266562581062317,0.9939407110214233,0.7433350086212158,non_flattening
es_ser2_026,LaBSE,0.9144266843795776,0.8671997785568237,0.8439174294471741,0.9058001041412354,0.9932858347892761,0.8867067098617554,non_flattening
es_ser2_027,LaBSE,0.9489652514457703,0.9393967390060425,0.948965311050415,0.9393966794013977,0.9965227842330933,1.0,partial
es_ser2_028,LaBSE,0.9430547952651978,0.9374328851699829,0.9430547952651978,0.9374328851699829,0.9964137077331543,1.0,partial
es_ser2_029,LaBSE,0.9485970139503479,0.9437100291252136,0.9485970139503479,0.9437100291252136,0.993588387966156,1.0,partial
es_ser2_030,LaBSE,0.9431873559951782,0.9333745241165161,0.9431873559951782,0.9333745241165161,0.9951543807983398,1.0,partial
es_ser2_031,LaBSE,0.922048807144165,0.9276779890060425,0.922048807144165,0.9276779890060425,0.9963003993034363,0.9999997615814209,partial
es_ser2_032,LaBSE,0.8987941741943359,0.9048689603805542,0.8987941741943359,0.9048689603805542,0.9937672019004822,1.0,partial
es_ser2_033,LaBSE,0.9211795926094055,0.9111928939819336,0.9071809649467468,0.9144871234893799,0.9953423142433167,0.9822765588760376,non_flattening
es_ser2_034,LaBSE,0.9202578663825989,0.9138035774230957,0.9202578663825989,0.9138035774230957,0.9988517165184021,1.0,partial
es_ser2_036,LaBSE,0.7999942898750305,0.8026957511901855,0.7999942898750305,0.8026957511901855,0.9960060119628906,1.0,partial
es_ser2_037,LaBSE,0.8502654433250427,0.8407682180404663,0.8502654433250427,0.8407682180404663,0.9966152310371399,0.9999998807907104,partial
es_ser2_038,LaBSE,0.9608854055404663,0.9537397623062134,0.9608854055404663,0.9537397623062134,0.9950759410858154,0.9999998807907104,partial
es_ser2_039,LaBSE,0.9267495274543762,0.9203742742538452,0.9267495274543762,0.9203742742538452,0.9978829026222229,0.9999998211860657,partial
es_ser2_040,LaBSE,0.8506410121917725,0.8409645557403564,0.8506410121917725,0.8409645557403564,0.9982970356941223,1.0000001192092896,partial
es_ser2_041,LaBSE,0.9179161787033081,0.911310613155365,0.9179161787033081,0.911310613155365,0.9962326288223267,1.000000238418579,partial
es_ser2_042,LaBSE,0.9539637565612793,0.9490348100662231,0.9539637565612793,0.9490348100662231,0.9954003095626831,1.000000238418579,partial
es_ser2_043,LaBSE,0.8697083592414856,0.8630597591400146,0.8697083592414856,0.8630597591400146,0.9987953305244446,1.0,partial
es_ser2_044,LaBSE,0.9525465369224548,0.9461526870727539,0.9525465369224548,0.9461526870727539,0.9985341429710388,1.0,partial
es_ser2_045,LaBSE,0.8272140622138977,0.8512767553329468,0.8272140622138977,0.8512767553329468,0.9781440496444702,1.0,partial
es_ser2_046,LaBSE,0.9247015714645386,0.9198050498962402,0.9247015714645386,0.9198050498962402,0.9944243431091309,1.0,partial
es_ser2_047,LaBSE,0.9595339298248291,0.9411038160324097,0.9528256058692932,0.9460275173187256,0.9929745197296143,0.9759279489517212,non_flattening
es_ser2_048,LaBSE,0.9293422698974609,0.931537926197052,0.9293422698974609,0.931537926197052,0.9975743889808655,1.0,partial
es_ser2_049,LaBSE,0.8610931634902954,0.8635956645011902,0.8610931634902954,0.8635956645011902,0.9940598011016846,1.000000238418579,partial
es_ser2_050,LaBSE,0.9078052043914795,0.9072167873382568,0.9078052043914795,0.9072167873382568,0.9968356490135193,0.9999998807907104,partial
es_ser2_052,LaBSE,0.8638850450515747,0.9465503692626953,0.9498629570007324,0.8567460179328918,0.9977231621742249,0.8826000690460205,partial
es_ser2_053,LaBSE,0.6938148140907288,0.9240562915802002,0.9285221099853516,0.6882948875427246,0.9974485039710999,0.7518916726112366,non_flattening
es_ser2_054,LaBSE,0.9222460985183716,0.8502869606018066,0.8374843597412109,0.914007306098938,0.994773805141449,0.8941507339477539,non_flattening
es_ser2_055,LaBSE,0.9392381906509399,0.9316662549972534,0.9392381906509399,0.9316662549972534,0.9910433292388916,1.0,partial
es_ser2_056,LaBSE,0.9430873990058899,0.9393624067306519,0.9430873990058899,0.9393624067306519,0.9967595934867859,0.9999999403953552,partial
es_ser2_057,LaBSE,0.95953369140625,0.949447512626648,0.95953369140625,0.949447512626648,0.9963071346282959,1.0000001192092896,partial
es_ser2_058,LaBSE,0.7867174744606018,0.8011181354522705,0.7867174744606018,0.8011181354522705,0.9919512271881104,0.9999999403953552,partial
es_ser2_060,LaBSE,0.936321496963501,0.9257615804672241,0.936321496963501,0.9257615804672241,0.9974368214607239,1.0,partial
es_ser2_061,LaBSE,0.9218372106552124,0.9186526536941528,0.9218372106552124,0.9186526536941528,0.9974880814552307,1.0,partial
es_ser2_062,LaBSE,0.9565328359603882,0.9370494484901428,0.9565328359603882,0.9370494484901428,0.987612247467041,0.9999999403953552,partial
es_ser2_063,LaBSE,0.9468939304351807,0.9423967599868774,0.9468939900398254,0.9423967599868774,0.9981381893157959,1.0000001192092896,partial
es_ser2_064,LaBSE,0.7967525720596313,0.8703557848930359,0.7967525720596313,0.8703557848930359,0.9471633434295654,1.000000238418579,partial
es_ser2_065,LaBSE,0.9379459619522095,0.9290874004364014,0.9379459619522095,0.9290874004364014,0.9968979358673096,0.9999999403953552,partial
es_ser2_066,LaBSE,0.9439413547515869,0.9419783353805542,0.9439413547515869,0.9419783353805542,0.9962412118911743,1.0000001192092896,partial
es_ser2_067,LaBSE,0.9357153177261353,0.8142226934432983,0.8105001449584961,0.9336507320404053,0.9963818192481995,0.8646731972694397,non_flattening
es_ser2_068,LaBSE,0.9308786988258362,0.9042513370513916,0.9134644865989685,0.918912947177887,0.9939779043197632,0.978405237197876,non_flattening
es_ser2_069,LaBSE,0.80641770362854,0.9052281975746155,0.9704903960227966,0.7433657646179199,0.9710874557495117,0.8281680345535278,non_flattening
es_ser2_070,LaBSE,0.7885102033615112,0.9433279633522034,0.9475339651107788,0.7758477330207825,0.9977138042449951,0.8478759527206421,partial
es_ser2_071,LaBSE,0.8797193169593811,0.8928639888763428,0.8887594938278198,0.880961537361145,0.9969994425773621,0.9820293188095093,partial
es_ser2_072,LaBSE,0.9444409608840942,0.9404976963996887,0.9444409608840942,0.9404976963996887,0.9981902241706848,1.0000001192092896,partial
es_ser2_073,LaBSE,0.9136166572570801,0.9150161743164062,0.9136166572570801,0.9150161743164062,0.9977195858955383,1.0000001192092896,partial
es_ser2_074,LaBSE,0.896544873714447,0.8814822435379028,0.896544873714447,0.8814822435379028,0.9927223324775696,1.0,partial
es_ser2_075,LaBSE,0.8498632907867432,0.8487602472305298,0.8498632907867432,0.8487602472305298,0.9978320598602295,1.0,partial
es_ser2_076,LaBSE,0.9196838736534119,0.92000812292099,0.9196838736534119,0.92000812292099,0.9965181350708008,1.0,partial
es_ser2_077,LaBSE,0.9498744010925293,0.9404948949813843,0.9498744010925293,0.9404948949813843,0.9972306489944458,1.000000238418579,partial
es_ser2_078,LaBSE,0.8926314115524292,0.8261509537696838,0.8160960674285889,0.8776047229766846,0.9901964664459229,0.9186184406280518,partial
es_ser2_079,LaBSE,0.7511581182479858,0.7513369917869568,0.7520849704742432,0.7466733455657959,0.9971628189086914,0.8276997208595276,partial
es_ser2_080,LaBSE,0.9456177949905396,0.9360502362251282,0.9456177949905396,0.9360502362251282,0.995055079460144,1.0,partial
es_ser2_081,LaBSE,0.9273257851600647,0.9199936985969543,0.9273256659507751,0.9199937582015991,0.995227575302124,1.0,partial
es_ser2_083,LaBSE,0.9114266633987427,0.6949270963668823,0.7002807259559631,0.9055125713348389,0.9963164329528809,0.7459836006164551,partial
es_ser2_084,LaBSE,0.7277992963790894,0.7664294242858887,0.7635869979858398,0.7152761220932007,0.9961411952972412,0.7560145258903503,partial
es_ser2_085,LaBSE,0.6320021152496338,0.8623619079589844,0.8571507930755615,0.6333216428756714,0.9923611879348755,0.801016092300415,partial
es_ser2_087,LaBSE,0.9439226388931274,0.9372012615203857,0.9439226388931274,0.9372012615203857,0.997158408164978,1.0,partial
es_ser2_088,LaBSE,0.7499902248382568,0.9092384576797485,0.9165802001953125,0.7547522187232971,0.9956167936325073,0.8023397922515869,partial
es_ser2_089,LaBSE,0.9310771822929382,0.807874858379364,0.8048714995384216,0.9327375292778015,0.9915832281112671,0.8405171632766724,non_flattening
es_ser2_090,LaBSE,0.9378107786178589,0.9323734045028687,0.9378107786178589,0.9323734045028687,0.9970367550849915,0.9999999403953552,partial
es_ser2_091,LaBSE,0.9373959898948669,0.9179545640945435,0.9190528988838196,0.9274139404296875,0.9923555850982666,0.9787534475326538,non_flattening
es_ser2_093,LaBSE,0.8040476441383362,0.9345521926879883,0.9339728355407715,0.790078341960907,0.9967441558837891,0.7898802757263184,partial
es_ser2_095,LaBSE,0.8268670439720154,0.9315664172172546,0.9394123554229736,0.8167957067489624,0.9982640743255615,0.8824427723884583,non_flattening
es_ser2_097,LaBSE,0.920634388923645,0.904205322265625,0.920634388923645,0.904205322265625,0.9966064691543579,1.0000001192092896,partial
es_ser2_099,LaBSE,0.9418585896492004,0.9311646819114685,0.9418585896492004,0.9311646819114685,0.9935330748558044,1.0000001192092896,partial
es_ser2_101,LaBSE,0.9476152658462524,0.9297428131103516,0.6806853413581848,0.7502566576004028,0.7807314395904541,0.7104425430297852,non_flattening
es_ser2_102,LaBSE,0.883947491645813,0.8708146214485168,0.8811237215995789,0.8722443580627441,0.9969733953475952,0.9922856092453003,non_flattening
es_ser2_103,LaBSE,0.7664341926574707,0.935556173324585,0.9465991258621216,0.7483363747596741,0.9944299459457397,0.8087112903594971,non_flattening
es_ser2_105,LaBSE,0.9052518606185913,0.908203661441803,0.9052518606185913,0.908203661441803,0.9980759620666504,1.0,partial
es_ser2_106,LaBSE,0.9175164699554443,0.9080032110214233,0.9175164699554443,0.9080032110214233,0.9929580092430115,1.0000001192092896,partial
es_ser2_107,LaBSE,0.9199147820472717,0.9129136800765991,0.9199147820472717,0.9129136800765991,0.9985272884368896,0.9999998807907104,partial
es_ser2_108,LaBSE,0.9331807494163513,0.9366034269332886,0.9331807494163513,0.9366034269332886,0.9931772947311401,0.9999997615814209,partial
es_ser2_109,LaBSE,0.9155673384666443,0.9169560670852661,0.9155673384666443,0.9169560670852661,0.9959729313850403,1.0,partial
es_ser2_110,LaBSE,0.9086103439331055,0.8945064544677734,0.9086103439331055,0.8945064544677734,0.9960582256317139,1.0,partial
es_ser_001,MiniLM-multi,0.9629773497581482,0.8678779006004333,0.9629773497581482,0.8678779006004333,0.9562391042709351,1.0,?
es_ser_002,MiniLM-multi,0.9957650899887085,0.9949222803115845,0.9957650899887085,0.9949222803115845,0.9994076490402222,1.0,?
es_ser_003,MiniLM-multi,0.9728474617004395,0.9784626960754395,0.9728474617004395,0.9784626960754395,0.9940448999404907,1.0,?
es_ser_004,MiniLM-multi,0.9533323049545288,0.9544657468795776,0.9533323049545288,0.9544657468795776,0.9976991415023804,1.0,?
es_ser_005,MiniLM-multi,0.9940342903137207,0.9935503602027893,0.9940343499183655,0.9935503005981445,0.9998061656951904,1.0,?
es_ser_006,MiniLM-multi,0.9718694090843201,0.9455165863037109,0.9718694090843201,0.9455165863037109,0.9881591200828552,1.0,?
es_ser_007,MiniLM-multi,0.9623827934265137,0.9537107944488525,0.9623827934265137,0.9537107944488525,0.9971684813499451,1.0,?
es_ser_008,MiniLM-multi,0.9482365846633911,0.9505903720855713,0.9482365846633911,0.9505903720855713,0.9944925308227539,0.9999998807907104,?
es_ser_009,MiniLM-multi,0.974819004535675,0.9769937992095947,0.974819004535675,0.9769937992095947,0.9992392063140869,1.0,?
es_ser_010,MiniLM-multi,0.9714213013648987,0.968013346195221,0.9714213013648987,0.968013346195221,0.9985675811767578,0.9999998807907104,?
es_ser_011,MiniLM-multi,0.8722826242446899,0.8768249750137329,0.8722826242446899,0.8768249750137329,0.9833108186721802,0.9999998211860657,?
es_ser_012,MiniLM-multi,0.989321231842041,0.9020223617553711,0.8496861457824707,0.9728736877441406,0.9908559322357178,0.8299177289009094,?
es_ser_013,MiniLM-multi,0.7879623174667358,0.9581065773963928,0.9108843803405762,0.6782639622688293,0.967677891254425,0.6708682775497437,?
es_ser_014,MiniLM-multi,0.8988356590270996,0.8742019534111023,0.7853294014930725,0.9452851414680481,0.9499710202217102,0.7437001466751099,?
es_ser_015,MiniLM-multi,0.9067072868347168,0.9228948950767517,0.9067072868347168,0.9228948950767517,0.9954304695129395,1.0,?
es_ser_016,MiniLM-multi,0.9626646041870117,0.962980329990387,0.9626646041870117,0.962980329990387,0.9983323812484741,1.0000001192092896,?
es_ser_017,MiniLM-multi,0.9741277098655701,0.9780784845352173,0.9741277098655701,0.9780784845352173,0.9991243481636047,1.0,?
es_ser2_001,MiniLM-multi,0.6630690097808838,0.9109292030334473,0.8609533309936523,0.5556610822677612,0.9752206802368164,0.5920243263244629,non_flattening
es_ser2_003,MiniLM-multi,0.8796958923339844,0.8634010553359985,0.9108585119247437,0.8510006666183472,0.9898831844329834,0.7964200973510742,non_flattening
es_ser2_004,MiniLM-multi,0.9787701964378357,0.9864785075187683,0.9787701964378357,0.9864785075187683,0.997701108455658,1.0,partial
es_ser2_005,MiniLM-multi,0.9720771908760071,0.9714020490646362,0.9720771908760071,0.9714020490646362,0.9992532730102539,0.9999999403953552,partial
es_ser2_006,MiniLM-multi,0.9831157922744751,0.9830211997032166,0.9831159114837646,0.9830212593078613,0.9987466335296631,1.000000238418579,partial
es_ser2_007,MiniLM-multi,0.9953979253768921,0.9965915083885193,0.9953979253768921,0.9965915083885193,0.9992542862892151,0.9999998807907104,partial
es_ser2_008,MiniLM-multi,0.6680846214294434,0.8997914791107178,0.9358147978782654,0.5929238200187683,0.9878644347190857,0.714948832988739,partial
es_ser2_009,MiniLM-multi,0.9962897300720215,0.996473491191864,0.9962897300720215,0.996473491191864,0.9990525245666504,0.9999999403953552,partial
es_ser2_011,MiniLM-multi,0.97092604637146,0.9719570875167847,0.97092604637146,0.9719570875167847,0.9983130693435669,1.0,partial
es_ser2_012,MiniLM-multi,0.9838862419128418,0.9753872156143188,0.9838862419128418,0.9753872156143188,0.9969381093978882,1.0,partial
es_ser2_013,MiniLM-multi,0.9071978330612183,0.9521957039833069,0.9071978330612183,0.9521957039833069,0.9594259262084961,1.0000001192092896,partial
es_ser2_014,MiniLM-multi,0.9637562036514282,0.9800513982772827,0.9637562036514282,0.9800513982772827,0.9949202537536621,0.9999999403953552,partial
es_ser2_015,MiniLM-multi,0.9906968474388123,0.9894062876701355,0.9906968474388123,0.9894062876701355,0.9985442757606506,1.0,partial
es_ser2_016,MiniLM-multi,0.9555363655090332,0.9668897390365601,0.9555363655090332,0.9668897390365601,0.9926250576972961,1.0,partial
es_ser2_017,MiniLM-multi,0.9800999164581299,0.9806172847747803,0.9800999164581299,0.9806172847747803,0.9993374347686768,1.0,partial
es_ser2_018,MiniLM-multi,0.9580954313278198,0.9587336778640747,0.9580954313278198,0.9587336778640747,0.999291181564331,1.0000001192092896,partial
es_ser2_019,MiniLM-multi,0.9872379899024963,0.9181482791900635,0.8511462807655334,0.9642757177352905,0.9839712381362915,0.8292607665061951,non_flattening
es_ser2_020,MiniLM-multi,0.7153464555740356,0.9729505777359009,0.9455407857894897,0.6523846387863159,0.9892044067382812,0.6248617172241211,non_flattening
es_ser2_021,MiniLM-multi,0.9884181618690491,0.9829124212265015,0.9884181618690491,0.9829124212265015,0.9978533983230591,1.0,partial
es_ser2_022,MiniLM-multi,0.9400628805160522,0.9059083461761475,0.806960940361023,0.9299734830856323,0.9555730223655701,0.7885478138923645,non_flattening
es_ser2_025,MiniLM-multi,0.7579541206359863,0.9810233116149902,0.9187180995941162,0.6779806017875671,0.9671127796173096,0.6292291879653931,non_flattening
es_ser2_026,MiniLM-multi,0.9285906553268433,0.7931063175201416,0.6555396318435669,0.874289333820343,0.9600213766098022,0.6674165725708008,non_flattening
es_ser2_027,MiniLM-multi,0.9838087558746338,0.985851526260376,0.9838087558746338,0.985851526260376,0.9994229674339294,0.9999999403953552,partial
es_ser2_028,MiniLM-multi,0.9864746928215027,0.9912550449371338,0.9864746928215027,0.9912550449371338,0.9980233311653137,0.9999998807907104,partial
es_ser2_029,MiniLM-multi,0.8760635852813721,0.9243596792221069,0.8760635852813721,0.9243596792221069,0.986945629119873,1.0000001192092896,partial
es_ser2_030,MiniLM-multi,0.8739265203475952,0.8811600208282471,0.8739265203475952,0.8811600208282471,0.9942284822463989,1.0,partial
es_ser2_031,MiniLM-multi,0.9097237586975098,0.9399588108062744,0.9097237586975098,0.9399588108062744,0.9953324794769287,0.9999998807907104,partial
es_ser2_032,MiniLM-multi,0.9729981422424316,0.9762821197509766,0.9729981422424316,0.9762821197509766,0.9984900951385498,0.9999997615814209,partial
es_ser2_033,MiniLM-multi,0.9888068437576294,0.8830503821372986,0.8132028579711914,0.9738281965255737,0.9865366816520691,0.8166913986206055,non_flattening
es_ser2_034,MiniLM-multi,0.9963322877883911,0.9962688088417053,0.9963322877883911,0.9962688088417053,0.9997025728225708,1.0,partial
es_ser2_036,MiniLM-multi,0.9078513383865356,0.925004243850708,0.9078513383865356,0.925004243850708,0.9914132356643677,1.0,partial
es_ser2_037,MiniLM-multi,0.98313307762146,0.9861722588539124,0.98313307762146,0.9861722588539124,0.9984546899795532,1.0000001192092896,partial
es_ser2_038,MiniLM-multi,0.8969277143478394,0.8769894242286682,0.8969277143478394,0.8769894242286682,0.9971674680709839,1.0,partial
es_ser2_039,MiniLM-multi,0.9487366080284119,0.9546136856079102,0.9487366080284119,0.9546136856079102,0.997672975063324,0.9999998807907104,partial
es_ser2_040,MiniLM-multi,0.6262304782867432,0.6135514974594116,0.6262304782867432,0.6135514974594116,0.9991693496704102,1.0,partial
es_ser2_041,MiniLM-multi,0.9898757934570312,0.9956448078155518,0.9898757934570312,0.9956448078155518,0.9973598718643188,0.9999998807907104,partial
es_ser2_042,MiniLM-multi,0.9198490381240845,0.9183543920516968,0.9198490381240845,0.9183543920516968,0.9981813430786133,0.9999999403953552,partial
es_ser2_043,MiniLM-multi,0.9726431369781494,0.9793532490730286,0.9726431369781494,0.9793532490730286,0.9988323450088501,1.0,partial
es_ser2_044,MiniLM-multi,0.9754473567008972,0.9769953489303589,0.9754473567008972,0.9769953489303589,0.999230146408081,1.0,partial
es_ser2_045,MiniLM-multi,0.8936460018157959,0.8531193733215332,0.8936460018157959,0.8531193733215332,0.9902490377426147,0.9999998807907104,partial
es_ser2_046,MiniLM-multi,0.904564619064331,0.9042655229568481,0.904564619064331,0.9042655229568481,0.9960354566574097,0.9999999403953552,partial
es_ser2_047,MiniLM-multi,0.970777153968811,0.9301659464836121,0.8833139538764954,0.9417281150817871,0.9878993034362793,0.8235189914703369,non_flattening
es_ser2_048,MiniLM-multi,0.8877190351486206,0.8692703247070312,0.8877190351486206,0.8692703247070312,0.9965786337852478,0.9999999403953552,partial
es_ser2_049,MiniLM-multi,0.9727455377578735,0.9773156046867371,0.9727455377578735,0.9773156046867371,0.9976502656936646,1.0,partial
es_ser2_050,MiniLM-multi,0.9946872591972351,0.9928370714187622,0.9946872591972351,0.9928370714187622,0.9990166425704956,1.0000001192092896,partial
es_ser2_052,MiniLM-multi,0.8559772968292236,0.8563617467880249,0.8782663345336914,0.8324602842330933,0.9968469142913818,0.9518603086471558,partial
es_ser2_053,MiniLM-multi,0.7831985950469971,0.975967526435852,0.965095579624176,0.7548214197158813,0.9963001608848572,0.733734130859375,non_flattening
es_ser2_054,MiniLM-multi,0.9788918495178223,0.8138840198516846,0.732523500919342,0.9659281373023987,0.9827568531036377,0.7302932739257812,non_flattening
es_ser2_055,MiniLM-multi,0.9462423324584961,0.9522107243537903,0.9462423324584961,0.9522107243537903,0.996099591255188,1.0,partial
es_ser2_056,MiniLM-multi,0.9824918508529663,0.9888707399368286,0.9824918508529663,0.9888707399368286,0.9974898099899292,0.9999998807907104,partial
es_ser2_057,MiniLM-multi,0.9326505661010742,0.9036215543746948,0.9326505661010742,0.9036215543746948,0.9860906600952148,0.9999998807907104,partial
es_ser2_058,MiniLM-multi,0.8651564121246338,0.9055957794189453,0.8651564121246338,0.9055957794189453,0.9915125966072083,1.0,partial
es_ser2_060,MiniLM-multi,0.9950952529907227,0.9951744079589844,0.9950952529907227,0.9951744079589844,0.9996389746665955,1.0000001192092896,partial
es_ser2_061,MiniLM-multi,0.9711993932723999,0.9718985557556152,0.9711993932723999,0.9718985557556152,0.9982556104660034,0.9999998807907104,partial
es_ser2_062,MiniLM-multi,0.5759291052818298,0.6450701951980591,0.5759291052818298,0.6450701951980591,0.9832266569137573,0.9999998807907104,partial
es_ser2_063,MiniLM-multi,0.9917844533920288,0.9923452138900757,0.9917844533920288,0.9923452138900757,0.9983236789703369,0.9999999403953552,partial
es_ser2_064,MiniLM-multi,0.9393397569656372,0.9395133256912231,0.9393397569656372,0.9395133256912231,0.9878210425376892,0.9999997615814209,partial
es_ser2_065,MiniLM-multi,0.98353111743927,0.9860550761222839,0.98353111743927,0.9860550761222839,0.9988821148872375,1.0,partial
es_ser2_066,MiniLM-multi,0.9857043027877808,0.9898217916488647,0.9857043027877808,0.9898217916488647,0.9985153675079346,1.0,partial
es_ser2_067,MiniLM-multi,0.98313969373703,0.817582905292511,0.8047112226486206,0.9869820475578308,0.9946383237838745,0.805752158164978,non_flattening
es_ser2_068,MiniLM-multi,0.9795223474502563,0.8664247989654541,0.8508076667785645,0.9742904305458069,0.9966379404067993,0.8111001253128052,non_flattening
es_ser2_069,MiniLM-multi,0.800983726978302,0.9848182201385498,0.9044877290725708,0.7013971209526062,0.9453973770141602,0.6845216751098633,non_flattening
es_ser2_070,MiniLM-multi,0.8058013916015625,0.9765565395355225,0.9756024479866028,0.7924365997314453,0.9984190464019775,0.769919753074646,partial
es_ser2_071,MiniLM-multi,0.7395186424255371,0.982243537902832,0.9779695272445679,0.7377663850784302,0.9983713030815125,0.7532724142074585,partial
es_ser2_072,MiniLM-multi,0.9851365685462952,0.985550582408905,0.9851365685462952,0.985550582408905,0.9997649192810059,1.0,partial
es_ser2_073,MiniLM-multi,0.990867018699646,0.9884421825408936,0.990867018699646,0.9884421825408936,0.9993778467178345,0.9999999403953552,partial
es_ser2_074,MiniLM-multi,0.9538161754608154,0.938962459564209,0.9538161754608154,0.938962459564209,0.9948984384536743,1.0,partial
es_ser2_075,MiniLM-multi,0.9359272718429565,0.9314648509025574,0.9359272718429565,0.9314648509025574,0.9975955486297607,0.9999998211860657,partial
es_ser2_076,MiniLM-multi,0.9760828018188477,0.9928629398345947,0.9760828018188477,0.9928629398345947,0.9913908243179321,0.9999999403953552,partial
es_ser2_077,MiniLM-multi,0.9822032451629639,0.9818477630615234,0.9822032451629639,0.9818477630615234,0.9984333515167236,1.0000001192092896,partial
es_ser2_078,MiniLM-multi,0.8913906812667847,0.9121901988983154,0.8792493343353271,0.9001874923706055,0.992648720741272,0.8614446520805359,partial
es_ser2_079,MiniLM-multi,0.9100338816642761,0.9682134389877319,0.9678249359130859,0.9066595435142517,0.9989999532699585,0.9162235260009766,partial
es_ser2_080,MiniLM-multi,0.9582937359809875,0.9732081890106201,0.9582937359809875,0.9732081890106201,0.993976354598999,0.9999998807907104,partial
es_ser2_081,MiniLM-multi,0.9374624490737915,0.9439131617546082,0.9374624490737915,0.9439131617546082,0.9971994757652283,1.0000001192092896,partial
es_ser2_083,MiniLM-multi,0.9878660440444946,0.81893390417099,0.809849739074707,0.9902874231338501,0.9977390766143799,0.8147553205490112,partial
es_ser2_084,MiniLM-multi,0.9083665013313293,0.9180405139923096,0.9138829112052917,0.9096741676330566,0.9989272952079773,0.8810006976127625,partial
es_ser2_085,MiniLM-multi,0.30378133058547974,0.900305986404419,0.871985912322998,0.3235049247741699,0.9964738488197327,0.427808552980423,partial
es_ser2_087,MiniLM-multi,0.9496363997459412,0.9666131138801575,0.9496363997459412,0.9666131138801575,0.9927786588668823,0.9999999403953552,partial
es_ser2_088,MiniLM-multi,0.6371117830276489,0.9554882049560547,0.9588977694511414,0.6326459050178528,0.9949223399162292,0.6127423048019409,partial
es_ser2_089,MiniLM-multi,0.9698198437690735,0.8492422699928284,0.8349320888519287,0.9814948439598083,0.9900734424591064,0.8167622685432434,non_flattening
es_ser2_090,MiniLM-multi,0.9932204484939575,0.994137167930603,0.9932204484939575,0.994137167930603,0.9991151094436646,0.9999998807907104,partial
es_ser2_091,MiniLM-multi,0.9934599995613098,0.8529245853424072,0.8478248119354248,0.9921118021011353,0.998943030834198,0.8335444927215576,non_flattening
es_ser2_093,MiniLM-multi,0.9211345314979553,0.9655307531356812,0.9688427448272705,0.9146100282669067,0.9994111657142639,0.9053922295570374,partial
es_ser2_095,MiniLM-multi,0.7531486749649048,0.9453485012054443,0.9447155594825745,0.7560921907424927,0.9993031620979309,0.7736796140670776,non_flattening
es_ser2_097,MiniLM-multi,0.9789811968803406,0.981243908405304,0.9789811968803406,0.981243908405304,0.9993616938591003,1.0,partial
es_ser2_099,MiniLM-multi,0.9795976877212524,0.978980302810669,0.9795976877212524,0.978980302810669,0.9981866478919983,1.0,partial
es_ser2_101,MiniLM-multi,0.7808005213737488,0.8423681259155273,0.5532184839248657,0.752191424369812,0.8026046752929688,0.7651220560073853,non_flattening
es_ser2_102,MiniLM-multi,0.954410195350647,0.9034576416015625,0.8681455850601196,0.9487371444702148,0.993973433971405,0.8987845182418823,non_flattening
es_ser2_103,MiniLM-multi,0.733985424041748,0.9782571792602539,0.9744909405708313,0.737038791179657,0.9985986948013306,0.7153850197792053,non_flattening
es_ser2_105,MiniLM-multi,0.9607808589935303,0.9578096866607666,0.9607808589935303,0.9578096866607666,0.9990119934082031,1.0,partial
es_ser2_106,MiniLM-multi,0.9536997079849243,0.9751681089401245,0.9536997079849243,0.9751681089401245,0.9940349459648132,1.0,partial
es_ser2_107,MiniLM-multi,0.9922475814819336,0.9920735359191895,0.9922475814819336,0.9920735359191895,0.9981173872947693,1.000000238418579,partial
es_ser2_108,MiniLM-multi,0.9838947057723999,0.9931013584136963,0.9838947057723999,0.9931013584136963,0.994423508644104,1.0000001192092896,partial
es_ser2_109,MiniLM-multi,0.9669941663742065,0.9790246486663818,0.9669941663742065,0.9790246486663818,0.996415376663208,1.0,partial
es_ser2_110,MiniLM-multi,0.927532434463501,0.9221941828727722,0.927532434463501,0.9221941828727722,0.9903398156166077,1.0,partial
es_ser_001,E5-multi,0.9221130013465881,0.9071502685546875,0.9221130013465881,0.9071502685546875,0.9934713244438171,0.9999998807907104,?
es_ser_002,E5-multi,0.9324153661727905,0.9228848814964294,0.9324153661727905,0.9228848814964294,0.9971427321434021,1.0,?
es_ser_003,E5-multi,0.8755185604095459,0.8750407695770264,0.8755185604095459,0.8750407695770264,0.9913049936294556,1.0,?
es_ser_004,E5-multi,0.8539020419120789,0.8587321639060974,0.8539020419120789,0.8587321639060974,0.9930208921432495,1.0000001192092896,?
es_ser_005,E5-multi,0.922075629234314,0.9186727404594421,0.922075629234314,0.9186727404594421,0.997150182723999,1.0000001192092896,?
es_ser_006,E5-multi,0.9370101690292358,0.9293368458747864,0.9370101690292358,0.9293368458747864,0.9913923740386963,0.9999999403953552,?
es_ser_007,E5-multi,0.8846412897109985,0.8856213092803955,0.8846412897109985,0.8856213092803955,0.9962687492370605,1.0000001192092896,?
es_ser_008,E5-multi,0.9089034795761108,0.9110398292541504,0.9089034795761108,0.9110398292541504,0.9977909326553345,1.0,?
es_ser_009,E5-multi,0.920678436756134,0.9131721258163452,0.920678436756134,0.9131721258163452,0.9964242577552795,1.0,?
es_ser_010,E5-multi,0.8711034059524536,0.8708526492118835,0.8711034059524536,0.8708526492118835,0.9955928921699524,1.0,?
es_ser_011,E5-multi,0.9299250245094299,0.9235354065895081,0.9299250245094299,0.9235354065895081,0.9941934943199158,1.0,?
es_ser_012,E5-multi,0.9000195860862732,0.9030073881149292,0.9029337167739868,0.8992854952812195,0.9971619248390198,0.9929540157318115,?
es_ser_013,E5-multi,0.8924679160118103,0.9537107348442078,0.9232840538024902,0.8869619965553284,0.9778264760971069,0.9186924695968628,?
es_ser_014,E5-multi,0.9311338067054749,0.8981689214706421,0.8940684199333191,0.9251898527145386,0.9918296337127686,0.9386475086212158,?
es_ser_015,E5-multi,0.9373215436935425,0.9346405863761902,0.9373214244842529,0.9346405267715454,0.9976742267608643,1.0,?
es_ser_016,E5-multi,0.8749696016311646,0.8788759708404541,0.8749696016311646,0.8788759708404541,0.9954842329025269,1.0,?
es_ser_017,E5-multi,0.9086517095565796,0.9115498065948486,0.9086517095565796,0.9115498065948486,0.9966440796852112,1.0,?
es_ser2_001,E5-multi,0.8616057634353638,0.9332349896430969,0.9300546646118164,0.8594738245010376,0.9972187280654907,0.895168125629425,non_flattening
es_ser2_003,E5-multi,0.9141212105751038,0.8907853364944458,0.8978495001792908,0.9069114327430725,0.9897058606147766,0.9361957311630249,non_flattening
es_ser2_004,E5-multi,0.9235795140266418,0.9200867414474487,0.9235795140266418,0.9200867414474487,0.9954204559326172,1.0,partial
es_ser2_005,E5-multi,0.8812759518623352,0.8857819437980652,0.8812759518623352,0.8857819437980652,0.9957897067070007,1.0000001192092896,partial
es_ser2_006,E5-multi,0.9027018547058105,0.9063025712966919,0.9027018547058105,0.9063025712966919,0.9969720840454102,1.0000001192092896,partial
es_ser2_007,E5-multi,0.949634313583374,0.9456004500389099,0.949634313583374,0.9456004500389099,0.992362916469574,1.0000001192092896,partial
es_ser2_008,E5-multi,0.9093676805496216,0.9254156947135925,0.9294581413269043,0.9074349999427795,0.9946933388710022,0.9511098861694336,partial
es_ser2_009,E5-multi,0.9434148073196411,0.9410355687141418,0.9434148073196411,0.9410355687141418,0.9976876378059387,1.0,partial
es_ser2_011,E5-multi,0.9427719712257385,0.9420126676559448,0.9427719712257385,0.9420126676559448,0.9963209629058838,1.0,partial
es_ser2_012,E5-multi,0.9042696952819824,0.8982949256896973,0.9042696952819824,0.8982949256896973,0.995467483997345,1.0000001192092896,partial
es_ser2_013,E5-multi,0.8743534684181213,0.8751391172409058,0.8743534684181213,0.8751391172409058,0.9924087524414062,1.0000001192092896,partial
es_ser2_014,E5-multi,0.9062294960021973,0.903925359249115,0.9062294960021973,0.903925359249115,0.9963995218276978,0.9999998807907104,partial
es_ser2_015,E5-multi,0.8908936977386475,0.8978528380393982,0.8908936977386475,0.8978527784347534,0.9952189326286316,1.0000001192092896,partial
es_ser2_016,E5-multi,0.8557035326957703,0.8668951988220215,0.8557035326957703,0.8668951988220215,0.9902793765068054,1.0,partial
es_ser2_017,E5-multi,0.8812426924705505,0.8834084868431091,0.8812426924705505,0.8834084868431091,0.9973006248474121,1.0000001192092896,partial
es_ser2_018,E5-multi,0.9360725283622742,0.9335556030273438,0.9360725283622742,0.9335556030273438,0.9978678226470947,0.9999998807907104,partial
es_ser2_019,E5-multi,0.8813501000404358,0.8865759372711182,0.8849533200263977,0.8815781474113464,0.9977797269821167,0.9922863841056824,non_flattening
es_ser2_020,E5-multi,0.8965145349502563,0.9521632194519043,0.9487114548683167,0.8937545418739319,0.9977312684059143,0.9078981280326843,non_flattening
es_ser2_021,E5-multi,0.9248871207237244,0.9283254146575928,0.9248870611190796,0.928325355052948,0.9955881237983704,1.0,partial
es_ser2_022,E5-multi,0.881170392036438,0.8568345904350281,0.8456306457519531,0.8867173194885254,0.995818018913269,0.9436675310134888,non_flattening
es_ser2_025,E5-multi,0.8865982294082642,0.9496580958366394,0.949736475944519,0.8777976036071777,0.9945435523986816,0.9050233960151672,non_flattening
es_ser2_026,E5-multi,0.9038254618644714,0.8837013244628906,0.8698263168334961,0.904829204082489,0.9920387268066406,0.9329827427864075,non_flattening
es_ser2_027,E5-multi,0.944212019443512,0.9382052421569824,0.9442120790481567,0.938205361366272,0.9967886209487915,1.0,partial
es_ser2_028,E5-multi,0.8696834444999695,0.8740596771240234,0.8696834444999695,0.8740596771240234,0.9972199201583862,1.0,partial
es_ser2_029,E5-multi,0.9150636196136475,0.9125588536262512,0.9150636196136475,0.9125590324401855,0.995436429977417,1.0000001192092896,partial
es_ser2_030,E5-multi,0.9528135657310486,0.9575173854827881,0.9528135657310486,0.9575173854827881,0.996820867061615,1.0000001192092896,partial
es_ser2_031,E5-multi,0.9059382677078247,0.9099703431129456,0.9059382677078247,0.9099703431129456,0.995527446269989,1.0000001192092896,partial
es_ser2_032,E5-multi,0.8618972301483154,0.8674643039703369,0.8618972301483154,0.8674643039703369,0.9939262866973877,1.0000001192092896,partial
es_ser2_033,E5-multi,0.8926395177841187,0.8935646414756775,0.895685613155365,0.8896484375,0.9965176582336426,0.9910207986831665,non_flattening
es_ser2_034,E5-multi,0.9226295948028564,0.9172908663749695,0.9226295948028564,0.9172908663749695,0.9975817203521729,0.9999999403953552,partial
es_ser2_036,E5-multi,0.8739731311798096,0.8730879426002502,0.8739731311798096,0.8730879426002502,0.9961764812469482,1.0,partial
es_ser2_037,E5-multi,0.8849402666091919,0.88437819480896,0.8849402666091919,0.88437819480896,0.9957079887390137,1.0000001192092896,partial
es_ser2_038,E5-multi,0.9531592130661011,0.937294065952301,0.9531592130661011,0.9372940063476562,0.993374228477478,1.0,partial
es_ser2_039,E5-multi,0.9412211179733276,0.9350253939628601,0.9412211179733276,0.9350253939628601,0.9959049224853516,1.000000238418579,partial
es_ser2_040,E5-multi,0.8951394557952881,0.8925949931144714,0.8951394557952881,0.8925949931144714,0.9992230534553528,0.9999998807907104,partial
es_ser2_041,E5-multi,0.9190148115158081,0.9181143641471863,0.9190148115158081,0.9181143641471863,0.9958931803703308,1.0,partial
es_ser2_042,E5-multi,0.8919884562492371,0.8855637311935425,0.8919884562492371,0.8855637311935425,0.9837638735771179,1.0000001192092896,partial
es_ser2_043,E5-multi,0.9209153652191162,0.9142535924911499,0.9209153652191162,0.9142535924911499,0.997087299823761,1.0,partial
es_ser2_044,E5-multi,0.9384726285934448,0.9342768788337708,0.9384726285934448,0.9342768788337708,0.9958418607711792,1.0,partial
es_ser2_045,E5-multi,0.8854920864105225,0.8888835906982422,0.8854920864105225,0.8888835906982422,0.991739809513092,1.0000001192092896,partial
es_ser2_046,E5-multi,0.9245913624763489,0.9281253814697266,0.9245913624763489,0.9281253814697266,0.9912937879562378,1.0,partial
es_ser2_047,E5-multi,0.8986268043518066,0.9081072211265564,0.9184529781341553,0.8872962594032288,0.993231475353241,0.985613226890564,non_flattening
es_ser2_048,E5-multi,0.8953614830970764,0.8914841413497925,0.8953614830970764,0.8914841413497925,0.995093584060669,1.000000238418579,partial
es_ser2_049,E5-multi,0.8928879499435425,0.8959074020385742,0.8928879499435425,0.8959074020385742,0.9966115951538086,1.0,partial
es_ser2_050,E5-multi,0.8971338272094727,0.8870662450790405,0.8971338272094727,0.8870662450790405,0.9970253705978394,0.9999999403953552,partial
es_ser2_052,E5-multi,0.9077013731002808,0.9152039885520935,0.9229630827903748,0.8973087072372437,0.99555504322052,0.9875315427780151,partial
es_ser2_053,E5-multi,0.8678079843521118,0.925885796546936,0.9131670594215393,0.8658531904220581,0.9944809675216675,0.9176610112190247,non_flattening
es_ser2_054,E5-multi,0.8974884748458862,0.8745636940002441,0.8577893972396851,0.9032524824142456,0.9942363500595093,0.9427214860916138,non_flattening
es_ser2_055,E5-multi,0.9030771255493164,0.8963851928710938,0.9030771255493164,0.896385133266449,0.9930059909820557,1.0,partial
es_ser2_056,E5-multi,0.9270124435424805,0.927188515663147,0.9270124435424805,0.927188515663147,0.9972264766693115,1.0,partial
es_ser2_057,E5-multi,0.9580725431442261,0.953321099281311,0.9580725431442261,0.953321099281311,0.9939044713973999,1.0,partial
es_ser2_058,E5-multi,0.8681730628013611,0.8645370006561279,0.8681730628013611,0.8645370006561279,0.9947264790534973,1.0000001192092896,partial
es_ser2_060,E5-multi,0.9416444301605225,0.9366263747215271,0.9416444301605225,0.9366263747215271,0.9984660744667053,1.0000001192092896,partial
es_ser2_061,E5-multi,0.9181156754493713,0.9183738231658936,0.9181156754493713,0.9183738231658936,0.9959012269973755,1.000000238418579,partial
es_ser2_062,E5-multi,0.9538659453392029,0.9429255723953247,0.9538659453392029,0.9429255723953247,0.9952430725097656,1.0,partial
es_ser2_063,E5-multi,0.9365562200546265,0.9355921745300293,0.9365562200546265,0.9355921745300293,0.997340977191925,1.0,partial
es_ser2_064,E5-multi,0.8993488550186157,0.8890713453292847,0.8993488550186157,0.8890713453292847,0.9779027700424194,1.0,partial
es_ser2_065,E5-multi,0.925275981426239,0.9169376492500305,0.9252760410308838,0.9169378280639648,0.9967446327209473,1.0,partial
es_ser2_066,E5-multi,0.9487936496734619,0.9397966861724854,0.9487936496734619,0.9397966861724854,0.9956755638122559,1.0000001192092896,partial
es_ser2_067,E5-multi,0.918547511100769,0.8795509338378906,0.8742464184761047,0.9176722764968872,0.9962743520736694,0.9379520416259766,non_flattening
es_ser2_068,E5-multi,0.882055401802063,0.8979844450950623,0.8924258947372437,0.887306809425354,0.9962623119354248,0.9888131618499756,non_flattening
es_ser2_069,E5-multi,0.8893224000930786,0.9078373908996582,0.913291871547699,0.8777250647544861,0.9939540028572083,0.9277400970458984,non_flattening
es_ser2_070,E5-multi,0.8997907042503357,0.8968769907951355,0.8945601582527161,0.8955808877944946,0.9956817626953125,0.9521534442901611,partial
es_ser2_071,E5-multi,0.8634030818939209,0.8905420303344727,0.8892374038696289,0.864845871925354,0.9986134767532349,0.9472832083702087,partial
es_ser2_072,E5-multi,0.9426694512367249,0.9320898652076721,0.9426694512367249,0.9320898652076721,0.9964061975479126,1.0000001192092896,partial
es_ser2_073,E5-multi,0.9046469926834106,0.9017734527587891,0.9046469926834106,0.9017734527587891,0.9991447329521179,0.9999998807907104,partial
es_ser2_074,E5-multi,0.9025101065635681,0.9005475044250488,0.9025101065635681,0.9005475044250488,0.996603786945343,1.0,partial
es_ser2_075,E5-multi,0.8630658388137817,0.8600260019302368,0.8630658388137817,0.8600260019302368,0.9952549934387207,1.0000001192092896,partial
es_ser2_076,E5-multi,0.8975279927253723,0.8992549180984497,0.8975279927253723,0.8992549180984497,0.995721161365509,1.0,partial
es_ser2_077,E5-multi,0.9085136651992798,0.917364776134491,0.9085136651992798,0.917364776134491,0.987647294998169,1.000000238418579,partial
es_ser2_078,E5-multi,0.9129441976547241,0.8987843990325928,0.8972126245498657,0.9112043976783752,0.9976372122764587,0.9787194728851318,partial
es_ser2_079,E5-multi,0.9092123508453369,0.9104683995246887,0.9187390804290771,0.901397705078125,0.9958192706108093,0.9588506817817688,partial
es_ser2_080,E5-multi,0.8785784244537354,0.8822459578514099,0.8785784244537354,0.8822459578514099,0.9952670335769653,1.0,partial
es_ser2_081,E5-multi,0.9337371587753296,0.9306395053863525,0.9337372183799744,0.9306395649909973,0.9978556632995605,1.0,partial
es_ser2_083,E5-multi,0.9208112955093384,0.8947864770889282,0.8855162858963013,0.9191097617149353,0.9937924742698669,0.9398998022079468,partial
es_ser2_084,E5-multi,0.8935520648956299,0.8976648449897766,0.8931987285614014,0.894650936126709,0.9973673224449158,0.9578496217727661,partial
es_ser2_085,E5-multi,0.833998441696167,0.8826473951339722,0.8802807331085205,0.8297403454780579,0.9974716901779175,0.8719069957733154,partial
es_ser2_087,E5-multi,0.8882002234458923,0.8947973251342773,0.8882002234458923,0.8947973251342773,0.9953670501708984,0.9999998807907104,partial
es_ser2_088,E5-multi,0.8735615015029907,0.9339489936828613,0.9351590871810913,0.8767910003662109,0.9975576400756836,0.9189101457595825,partial
es_ser2_089,E5-multi,0.9065691828727722,0.8791599273681641,0.8769289255142212,0.9022799134254456,0.9926142692565918,0.9467502236366272,non_flattening
es_ser2_090,E5-multi,0.9397767782211304,0.9350491166114807,0.9397767782211304,0.9350491166114807,0.9973962903022766,1.0,partial
es_ser2_091,E5-multi,0.9019096493721008,0.9078297019004822,0.9095546007156372,0.8993154764175415,0.997444748878479,0.9887285232543945,non_flattening
es_ser2_093,E5-multi,0.8932816982269287,0.9186933040618896,0.9041471481323242,0.906571626663208,0.9918824434280396,0.9816312789916992,partial
es_ser2_095,E5-multi,0.9112832546234131,0.9509179592132568,0.9515101909637451,0.9073992371559143,0.9990222454071045,0.9586491584777832,non_flattening
es_ser2_097,E5-multi,0.9419049620628357,0.9386640787124634,0.9419049620628357,0.9386640787124634,0.9981257319450378,1.0,partial
es_ser2_099,E5-multi,0.9279172420501709,0.9284164905548096,0.9279172420501709,0.9284164905548096,0.9963558316230774,1.0,partial
es_ser2_101,E5-multi,0.9235311150550842,0.8707760572433472,0.876721978187561,0.8452721834182739,0.9188617467880249,0.9132757186889648,non_flattening
es_ser2_102,E5-multi,0.9032881259918213,0.9022390842437744,0.9046278595924377,0.9005998373031616,0.9987094402313232,0.995184063911438,non_flattening
es_ser2_103,E5-multi,0.873412013053894,0.9095985889434814,0.9069600105285645,0.8714041113853455,0.9989192485809326,0.9418528079986572,non_flattening
es_ser2_105,E5-multi,0.8821450471878052,0.8849506974220276,0.8821450471878052,0.8849506974220276,0.9969688653945923,1.0,partial
es_ser2_106,E5-multi,0.9401094913482666,0.9392181634902954,0.9401094913482666,0.9392181634902954,0.9958130121231079,0.9999999403953552,partial
es_ser2_107,E5-multi,0.9467203617095947,0.9363178014755249,0.9467203617095947,0.9363178014755249,0.9951924085617065,0.9999999403953552,partial
es_ser2_108,E5-multi,0.9424547553062439,0.9484293460845947,0.9424547553062439,0.9484293460845947,0.994581937789917,1.0000001192092896,partial
es_ser2_109,E5-multi,0.9021465182304382,0.8981687426567078,0.9021465182304382,0.8981687426567078,0.9947874546051025,1.0,partial
es_ser2_110,E5-multi,0.9313809871673584,0.9401012063026428,0.9313809871673584,0.9401012063026428,0.9933184385299683,1.0,partial
es_ser_001,E5-large,0.9336581230163574,0.9069974422454834,0.9336581230163574,0.9069974422454834,0.9871090054512024,0.9999999403953552,?
es_ser_002,E5-large,0.9478371143341064,0.94618821144104,0.9478371143341064,0.94618821144104,0.9973980188369751,1.0,?
es_ser_003,E5-large,0.926996111869812,0.9222445487976074,0.926996111869812,0.9222445487976074,0.9955180287361145,1.0,?
es_ser_004,E5-large,0.9025444388389587,0.9020596146583557,0.9025445580482483,0.9020594954490662,0.9974844455718994,0.9999999403953552,?
es_ser_005,E5-large,0.9109625816345215,0.9126854538917542,0.9109625816345215,0.9126854538917542,0.9979407787322998,1.000000238418579,?
es_ser_006,E5-large,0.9388495087623596,0.9216257333755493,0.9388495087623596,0.9216257333755493,0.9920239448547363,0.9999998807907104,?
es_ser_007,E5-large,0.9502131342887878,0.9479349255561829,0.9502131342887878,0.9479349255561829,0.9980325102806091,0.9999998807907104,?
es_ser_008,E5-large,0.9217715263366699,0.9244366884231567,0.9217715263366699,0.9244366884231567,0.9981990456581116,0.9999999403953552,?
es_ser_009,E5-large,0.9086580276489258,0.8832768201828003,0.9086580276489258,0.8832768201828003,0.9882072806358337,1.0000001192092896,?
es_ser_010,E5-large,0.8993135690689087,0.9048413038253784,0.8993135690689087,0.9048413038253784,0.9979633092880249,1.000000238418579,?
es_ser_011,E5-large,0.9253177046775818,0.9304513931274414,0.9253177046775818,0.9304513931274414,0.9954546689987183,0.9999999403953552,?
es_ser_012,E5-large,0.9142339825630188,0.902888298034668,0.8988821506500244,0.9025988578796387,0.9961908459663391,0.957737922668457,?
es_ser_013,E5-large,0.8907960653305054,0.9436603784561157,0.9505956768989563,0.8714361190795898,0.993100106716156,0.9169878363609314,?
es_ser_014,E5-large,0.925202488899231,0.9028436541557312,0.885991096496582,0.9075857400894165,0.9847359657287598,0.9279983043670654,?
es_ser_015,E5-large,0.9462393522262573,0.9457204341888428,0.9462393522262573,0.9457204341888428,0.9969459176063538,1.000000238418579,?
es_ser_016,E5-large,0.8779780864715576,0.8795217871665955,0.8779780864715576,0.8795217871665955,0.9964618682861328,1.0,?
es_ser_017,E5-large,0.9322818517684937,0.9325323104858398,0.9322818517684937,0.9325323104858398,0.9983833432197571,1.0,?
es_ser2_001,E5-large,0.8334590196609497,0.9270683526992798,0.920517086982727,0.8293759226799011,0.9974536895751953,0.8876581788063049,non_flattening
es_ser2_003,E5-large,0.922614574432373,0.9152345657348633,0.9046612977981567,0.9105749726295471,0.9925808310508728,0.9273746609687805,non_flattening
es_ser2_004,E5-large,0.9315122365951538,0.9344128966331482,0.9315122365951538,0.9344128966331482,0.9901752471923828,1.0000001192092896,partial
es_ser2_005,E5-large,0.9125083684921265,0.9103665351867676,0.9125083684921265,0.9103665351867676,0.9975432753562927,1.000000238418579,partial
es_ser2_006,E5-large,0.9040618538856506,0.9066251516342163,0.9040618538856506,0.9066251516342163,0.9981601238250732,0.9999999403953552,partial
es_ser2_007,E5-large,0.9350831508636475,0.9358724355697632,0.9350831508636475,0.9358724355697632,0.9947495460510254,1.000000238418579,partial
es_ser2_008,E5-large,0.9325317144393921,0.9253607988357544,0.9251062273979187,0.9314117431640625,0.9959988594055176,0.9780193567276001,partial
es_ser2_009,E5-large,0.9339667558670044,0.9355469942092896,0.9339667558670044,0.9355469942092896,0.9976803064346313,1.0000001192092896,partial
es_ser2_011,E5-large,0.9443637728691101,0.9422324895858765,0.9443637728691101,0.9422324895858765,0.9973539710044861,0.9999998807907104,partial
es_ser2_012,E5-large,0.9297699332237244,0.92608642578125,0.9297699332237244,0.92608642578125,0.9963600635528564,1.0,partial
es_ser2_013,E5-large,0.9437946677207947,0.93686842918396,0.9437946677207947,0.93686842918396,0.9970840215682983,0.9999998807907104,partial
es_ser2_014,E5-large,0.909549355506897,0.9079307317733765,0.909549355506897,0.9079307317733765,0.9971370697021484,1.0000001192092896,partial
es_ser2_015,E5-large,0.9269688129425049,0.9271061420440674,0.9269687533378601,0.9271061420440674,0.9976305365562439,1.000000238418579,partial
es_ser2_016,E5-large,0.8950398564338684,0.8945605158805847,0.8950398564338684,0.8945605158805847,0.9782133102416992,1.0000001192092896,partial
es_ser2_017,E5-large,0.924628496170044,0.9250099658966064,0.924628496170044,0.9250099658966064,0.9973573684692383,1.000000238418579,partial
es_ser2_018,E5-large,0.9324713349342346,0.9352882504463196,0.9324713349342346,0.9352882504463196,0.9951040744781494,1.0000001192092896,partial
es_ser2_019,E5-large,0.9233140349388123,0.9125931262969971,0.9069922566413879,0.913110613822937,0.995930016040802,0.9553539752960205,non_flattening
es_ser2_020,E5-large,0.8593613505363464,0.9392585754394531,0.9329913854598999,0.8502340316772461,0.9970956444740295,0.886316180229187,non_flattening
es_ser2_021,E5-large,0.9397188425064087,0.9309567213058472,0.9397188425064087,0.9309568405151367,0.9895734786987305,1.0,partial
es_ser2_022,E5-large,0.9135380983352661,0.8795700073242188,0.8536012172698975,0.9172190427780151,0.9829256534576416,0.9179297685623169,non_flattening
es_ser2_025,E5-large,0.9027072787284851,0.9487266540527344,0.9524766206741333,0.8752241730690002,0.9907702207565308,0.9171521663665771,non_flattening
es_ser2_026,E5-large,0.9169407486915588,0.890720009803772,0.842217206954956,0.9059069156646729,0.9782525300979614,0.8858623504638672,non_flattening
es_ser2_027,E5-large,0.9321072697639465,0.9344958662986755,0.9321072101593018,0.9344959259033203,0.9971521496772766,1.000000238418579,partial
es_ser2_028,E5-large,0.9061115384101868,0.9099798202514648,0.9061115384101868,0.9099798202514648,0.9950579404830933,0.9999999403953552,partial
es_ser2_029,E5-large,0.9093993306159973,0.9195504188537598,0.909399151802063,0.919550359249115,0.9968772530555725,0.9999999403953552,partial
es_ser2_030,E5-large,0.9257060289382935,0.9267973303794861,0.9257060289382935,0.9267973303794861,0.9945535659790039,1.0,partial
es_ser2_031,E5-large,0.9005533456802368,0.9050828814506531,0.9005533456802368,0.9050828814506531,0.9962499737739563,1.0000001192092896,partial
es_ser2_032,E5-large,0.8912056684494019,0.8855440616607666,0.8912056684494019,0.8855440616607666,0.9952775239944458,1.0,partial
es_ser2_033,E5-large,0.9193485975265503,0.911360502243042,0.9000552892684937,0.9060283303260803,0.9942141771316528,0.9440627098083496,non_flattening
es_ser2_034,E5-large,0.935605525970459,0.937130331993103,0.935605525970459,0.937130331993103,0.9984380006790161,1.0,partial
es_ser2_036,E5-large,0.8896757960319519,0.8935843110084534,0.8896757960319519,0.8935843110084534,0.9957544803619385,0.9999998807907104,partial
es_ser2_037,E5-large,0.9045243263244629,0.8974887728691101,0.9045243263244629,0.8974887728691101,0.9917223453521729,0.9999997615814209,partial
es_ser2_038,E5-large,0.9364020824432373,0.9414819478988647,0.9364020824432373,0.9414818286895752,0.9949254393577576,1.0000001192092896,partial
es_ser2_039,E5-large,0.9380488395690918,0.9428256154060364,0.9380488395690918,0.9428256154060364,0.9940831661224365,1.000000238418579,partial
es_ser2_040,E5-large,0.8912651538848877,0.8909831047058105,0.8912651538848877,0.8909831047058105,0.9981166124343872,1.0000001192092896,partial
es_ser2_041,E5-large,0.9212372303009033,0.920434832572937,0.9212372303009033,0.920434832572937,0.996218204498291,1.0,partial
es_ser2_042,E5-large,0.9195942878723145,0.9180716276168823,0.9195942878723145,0.9180716276168823,0.9966472387313843,1.000000238418579,partial
es_ser2_043,E5-large,0.9200707674026489,0.9248882532119751,0.9200707674026489,0.9248882532119751,0.9969074726104736,1.0000001192092896,partial
es_ser2_044,E5-large,0.9481450915336609,0.9483660459518433,0.9481450915336609,0.9483660459518433,0.9983439445495605,1.000000238418579,partial
es_ser2_045,E5-large,0.9164456129074097,0.9092055559158325,0.9164456129074097,0.9092055559158325,0.9955013990402222,1.0000001192092896,partial
es_ser2_046,E5-large,0.9192906618118286,0.9144606590270996,0.9192906618118286,0.9144606590270996,0.986476480960846,0.9999999403953552,partial
es_ser2_047,E5-large,0.9120596647262573,0.9168286323547363,0.9266274571418762,0.8892936110496521,0.9922510385513306,0.9491444826126099,non_flattening
es_ser2_048,E5-large,0.9031475782394409,0.9057512283325195,0.9031475782394409,0.9057512283325195,0.9936342239379883,1.0000001192092896,partial
es_ser2_049,E5-large,0.8906696438789368,0.889599084854126,0.8906696438789368,0.889599084854126,0.9966562986373901,0.9999998807907104,partial
es_ser2_050,E5-large,0.916391909122467,0.916833758354187,0.916391909122467,0.916833758354187,0.9977521896362305,1.0000004768371582,partial
es_ser2_052,E5-large,0.8917578458786011,0.9042648077011108,0.9090785980224609,0.8877462148666382,0.9965962171554565,0.9894499182701111,partial
es_ser2_053,E5-large,0.858240008354187,0.9197509288787842,0.9143999814987183,0.8472093343734741,0.9959101676940918,0.9081463813781738,non_flattening
es_ser2_054,E5-large,0.9212122559547424,0.8842189311981201,0.8353997468948364,0.9247879981994629,0.9767308235168457,0.8969851732254028,non_flattening
es_ser2_055,E5-large,0.9428704380989075,0.9277487993240356,0.9428704977035522,0.9277488589286804,0.9940173625946045,1.0,partial
es_ser2_056,E5-large,0.9252154231071472,0.9271427392959595,0.9252154231071472,0.9271427392959595,0.9931837320327759,1.000000238418579,partial
es_ser2_057,E5-large,0.9476851224899292,0.9470088481903076,0.9476851224899292,0.9470088481903076,0.9944698810577393,1.0000001192092896,partial
es_ser2_058,E5-large,0.8685028553009033,0.8842224478721619,0.8685028553009033,0.8842224478721619,0.9767857789993286,1.0,partial
es_ser2_060,E5-large,0.9235343933105469,0.9202209115028381,0.9235343933105469,0.9202209115028381,0.9980573058128357,1.000000238418579,partial
es_ser2_061,E5-large,0.9245084524154663,0.9271376729011536,0.9245084524154663,0.9271376729011536,0.9969951510429382,0.9999998807907104,partial
es_ser2_062,E5-large,0.9236571788787842,0.9168341159820557,0.9236571788787842,0.9168341159820557,0.9942321181297302,0.9999999403953552,partial
es_ser2_063,E5-large,0.9480448365211487,0.9434088468551636,0.9480448961257935,0.9434088468551636,0.9979411363601685,0.9999999403953552,partial
es_ser2_064,E5-large,0.885672926902771,0.9072858691215515,0.885672926902771,0.9072858691215515,0.9880666136741638,1.000000238418579,partial
es_ser2_065,E5-large,0.930203914642334,0.9159247279167175,0.9302038550376892,0.9159246683120728,0.9937765598297119,0.9999998211860657,partial
es_ser2_066,E5-large,0.9270937442779541,0.9290523529052734,0.9270937442779541,0.9290523529052734,0.9945212602615356,1.000000238418579,partial
es_ser2_067,E5-large,0.9306341409683228,0.8914441466331482,0.8708896636962891,0.9378200173377991,0.9894440770149231,0.9368836879730225,non_flattening
es_ser2_068,E5-large,0.932344913482666,0.9276664853096008,0.9223476052284241,0.9307554364204407,0.9963141083717346,0.9778319001197815,non_flattening
es_ser2_069,E5-large,0.8921401500701904,0.9411958456039429,0.9516351222991943,0.8769370317459106,0.988775908946991,0.9181624054908752,non_flattening
es_ser2_070,E5-large,0.9131770730018616,0.9204341173171997,0.9184167981147766,0.9059406518936157,0.9979546666145325,0.916604220867157,partial
es_ser2_071,E5-large,0.9175652265548706,0.9142870903015137,0.9096871614456177,0.9216713905334473,0.9987003803253174,0.9774219393730164,partial
es_ser2_072,E5-large,0.9099388122558594,0.8840972185134888,0.9099388122558594,0.8840972185134888,0.9836928844451904,1.000000238418579,partial
es_ser2_073,E5-large,0.9261046051979065,0.9247108697891235,0.9261046051979065,0.9247108697891235,0.9982146620750427,1.0,partial
es_ser2_074,E5-large,0.9140893220901489,0.9065061211585999,0.9140893220901489,0.9065061211585999,0.9930620789527893,1.000000238418579,partial
es_ser2_075,E5-large,0.8971887230873108,0.8939854502677917,0.8971887230873108,0.8939854502677917,0.9972522854804993,1.0,partial
es_ser2_076,E5-large,0.8987098932266235,0.8973770141601562,0.8987098932266235,0.8973770141601562,0.9877919554710388,1.0,partial
es_ser2_077,E5-large,0.9144234657287598,0.9159849286079407,0.9144234657287598,0.9159849286079407,0.9974507093429565,1.0,partial
es_ser2_078,E5-large,0.9092763662338257,0.900059700012207,0.8942140340805054,0.9104359149932861,0.994606614112854,0.9839068651199341,partial
es_ser2_079,E5-large,0.9091610312461853,0.8981712460517883,0.9119352102279663,0.8953968286514282,0.9918515086174011,0.9552469253540039,partial
es_ser2_080,E5-large,0.9139368534088135,0.9241592884063721,0.9139368534088135,0.9241592884063721,0.9881722331047058,0.9999998807907104,partial
es_ser2_081,E5-large,0.9383071660995483,0.9359002113342285,0.9383071660995483,0.935900092124939,0.9974583983421326,1.0,partial
es_ser2_083,E5-large,0.9141756892204285,0.8832154273986816,0.878451406955719,0.9194229245185852,0.9946404695510864,0.9098451137542725,partial
es_ser2_084,E5-large,0.8960694074630737,0.902305006980896,0.899680495262146,0.8957747220993042,0.9927228093147278,0.9591239094734192,partial
es_ser2_085,E5-large,0.8261795043945312,0.9261141419410706,0.9194677472114563,0.8242524266242981,0.9958011507987976,0.8665593266487122,partial
es_ser2_087,E5-large,0.9040290117263794,0.9104235172271729,0.9040290117263794,0.9104235172271729,0.9894695281982422,0.9999998807907104,partial
es_ser2_088,E5-large,0.8781201839447021,0.943130373954773,0.945218026638031,0.8722219467163086,0.9961135387420654,0.9057068824768066,partial
es_ser2_089,E5-large,0.908193826675415,0.8918724060058594,0.869257926940918,0.9232629537582397,0.9785054326057434,0.950340986251831,non_flattening
es_ser2_090,E5-large,0.9461874961853027,0.9464797973632812,0.9461874961853027,0.9464797973632812,0.9982067346572876,1.000000238418579,partial
es_ser2_091,E5-large,0.922518253326416,0.9086012244224548,0.9076141119003296,0.9129485487937927,0.9951545596122742,0.9634335041046143,non_flattening
es_ser2_093,E5-large,0.8908511400222778,0.9155533313751221,0.9062378406524658,0.9005061388015747,0.9964454174041748,0.9847790002822876,partial
es_ser2_095,E5-large,0.9103062748908997,0.9492040276527405,0.9496723413467407,0.9094564914703369,0.9994058012962341,0.9485204815864563,non_flattening
es_ser2_097,E5-large,0.9273667931556702,0.9295892119407654,0.9273667931556702,0.9295892119407654,0.9968834519386292,0.9999998807907104,partial
es_ser2_099,E5-large,0.9225515723228455,0.9157974720001221,0.9225515723228455,0.9157974720001221,0.9976732730865479,1.0000003576278687,partial
es_ser2_101,E5-large,0.9447638988494873,0.8932870626449585,0.8657109141349792,0.8468760251998901,0.9062293171882629,0.8941681385040283,non_flattening
es_ser2_102,E5-large,0.9207022190093994,0.9209960103034973,0.9143389463424683,0.9194316267967224,0.9975240230560303,0.9782829284667969,non_flattening
es_ser2_103,E5-large,0.885736346244812,0.9433138966560364,0.9420648217201233,0.8830978870391846,0.9988124370574951,0.9288516044616699,non_flattening
es_ser2_105,E5-large,0.9143803119659424,0.9170094728469849,0.9143803119659424,0.9170094728469849,0.9955463409423828,1.0,partial
es_ser2_106,E5-large,0.9229882955551147,0.9223028421401978,0.9229882955551147,0.9223028421401978,0.9934235215187073,0.9999999403953552,partial
es_ser2_107,E5-large,0.9293314218521118,0.9368407726287842,0.9293314218521118,0.9368407726287842,0.9952929019927979,1.000000238418579,partial
es_ser2_108,E5-large,0.9375319480895996,0.9443857669830322,0.9375319480895996,0.9443857669830322,0.9927241802215576,1.0,partial
es_ser2_109,E5-large,0.925563395023346,0.9234393835067749,0.925563395023346,0.9234393835067749,0.9940167665481567,0.9999998807907104,partial
es_ser2_110,E5-large,0.9152308702468872,0.9156800508499146,0.9152308702468872,0.9156800508499146,0.9970702528953552,1.000000238418579,partial
es_ser_001,bge-m3,0.9633182883262634,0.9709537029266357,0.9633182883262634,0.9709537029266357,0.9856892824172974,1.0000003576278687,?
es_ser_002,bge-m3,0.96196448802948,0.9618238210678101,0.96196448802948,0.9618238210678101,0.9960528016090393,1.0,?
es_ser_003,bge-m3,0.9316349625587463,0.9519119262695312,0.9316349625587463,0.9519119262695312,0.9821540117263794,0.9999999403953552,?
es_ser_004,bge-m3,0.9181506633758545,0.9309184551239014,0.9181506633758545,0.9309184551239014,0.992454469203949,1.0000001192092896,?
es_ser_005,bge-m3,0.9257780909538269,0.9292820692062378,0.9257780313491821,0.9292821884155273,0.9957334399223328,1.0000001192092896,?
es_ser_006,bge-m3,0.9607402086257935,0.9672409892082214,0.9607402086257935,0.9672409892082214,0.9930182695388794,1.0,?
es_ser_007,bge-m3,0.9165943264961243,0.9142460823059082,0.9165943264961243,0.9142460823059082,0.9925218224525452,1.0,?
es_ser_008,bge-m3,0.9288330078125,0.9386579990386963,0.9288330078125,0.9386579990386963,0.9938033819198608,1.000000238418579,?
es_ser_009,bge-m3,0.9667624831199646,0.9692542552947998,0.9667624831199646,0.9692542552947998,0.998289167881012,1.0,?
es_ser_010,bge-m3,0.8941727876663208,0.9055638313293457,0.8941727876663208,0.9055638313293457,0.9939770698547363,1.0000001192092896,?
es_ser_011,bge-m3,0.9719423055648804,0.9776989221572876,0.9719423055648804,0.9776989221572876,0.9894211888313293,0.9999998211860657,?
es_ser_012,bge-m3,0.9129360914230347,0.9169589281082153,0.9012046456336975,0.9079656004905701,0.9908509850502014,0.96821528673172,?
es_ser_013,bge-m3,0.8449514508247375,0.9743920564651489,0.9552474617958069,0.8288336992263794,0.9810466766357422,0.8491383790969849,?
es_ser_014,bge-m3,0.9373947381973267,0.9233435988426208,0.8096787929534912,0.9390904903411865,0.9330729246139526,0.8677371144294739,?
es_ser_015,bge-m3,0.9679635763168335,0.9704638719558716,0.9679635763168335,0.9704638719558716,0.9953939914703369,1.0000001192092896,?
es_ser_016,bge-m3,0.8435848355293274,0.8796926736831665,0.8435848355293274,0.8796926736831665,0.9730764627456665,1.000000238418579,?
es_ser_017,bge-m3,0.969548225402832,0.9732751846313477,0.969548225402832,0.9732751846313477,0.9963035583496094,1.000000238418579,?
es_ser2_001,bge-m3,0.8807483315467834,0.9636517763137817,0.9514927864074707,0.85877525806427,0.9892603158950806,0.868571937084198,non_flattening
es_ser2_003,bge-m3,0.9014332294464111,0.8827418088912964,0.7956171035766602,0.9047203660011292,0.949012815952301,0.8463983535766602,non_flattening
es_ser2_004,bge-m3,0.9543713331222534,0.9591628909111023,0.9543713331222534,0.9591628909111023,0.9928067326545715,1.0,partial
es_ser2_005,bge-m3,0.9286521673202515,0.9266169667243958,0.9286521673202515,0.9266169667243958,0.9965044260025024,1.0,partial
es_ser2_006,bge-m3,0.9197291135787964,0.9271784424781799,0.9197291135787964,0.9271785020828247,0.9957505464553833,1.0,partial
es_ser2_007,bge-m3,0.9766649007797241,0.9879592657089233,0.9766649007797241,0.9879592657089233,0.9895522594451904,1.000000238418579,partial
es_ser2_008,bge-m3,0.9596446752548218,0.976816713809967,0.9731662273406982,0.960658073425293,0.9958541393280029,0.9747772216796875,partial
es_ser2_009,bge-m3,0.9632352590560913,0.9692842960357666,0.9632352590560913,0.9692842960357666,0.9949807524681091,1.000000238418579,partial
es_ser2_011,bge-m3,0.9608120918273926,0.9604897499084473,0.9608120918273926,0.9604897499084473,0.996648907661438,0.9999999403953552,partial
es_ser2_012,bge-m3,0.9242088794708252,0.9390175938606262,0.9242088794708252,0.9390175938606262,0.9828990697860718,1.0,partial
es_ser2_013,bge-m3,0.9230846166610718,0.9212877154350281,0.9230846166610718,0.9212877154350281,0.9895236492156982,1.000000238418579,partial
es_ser2_014,bge-m3,0.8884679079055786,0.896908164024353,0.8884679079055786,0.896908164024353,0.9931666254997253,1.0000001192092896,partial
es_ser2_015,bge-m3,0.8875752091407776,0.900727391242981,0.8875752091407776,0.900727391242981,0.9934167861938477,1.0000001192092896,partial
es_ser2_016,bge-m3,0.869619607925415,0.891963005065918,0.869619607925415,0.891963005065918,0.9815054535865784,1.0000003576278687,partial
es_ser2_017,bge-m3,0.9507851600646973,0.9572784900665283,0.9507851600646973,0.9572784900665283,0.9950314164161682,0.9999998807907104,partial
es_ser2_018,bge-m3,0.9395495057106018,0.9398590326309204,0.9395495057106018,0.9398590326309204,0.9930891394615173,1.0,partial
es_ser2_019,bge-m3,0.9089435338973999,0.8996836543083191,0.8949095010757446,0.9050125479698181,0.9953704476356506,0.9788894653320312,non_flattening
es_ser2_020,bge-m3,0.9062693119049072,0.9788824319839478,0.9268821477890015,0.8852990865707397,0.9657288789749146,0.8775233626365662,non_flattening
es_ser2_021,bge-m3,0.932515025138855,0.9509285688400269,0.932515025138855,0.9509285688400269,0.9739633202552795,1.000000238418579,partial
es_ser2_022,bge-m3,0.892114520072937,0.8494585156440735,0.7702569961547852,0.9071614742279053,0.9621632099151611,0.8742729425430298,non_flattening
es_ser2_025,bge-m3,0.832119345664978,0.9725817441940308,0.9260916709899902,0.8127310276031494,0.9642783403396606,0.8346350789070129,non_flattening
es_ser2_026,bge-m3,0.9117991924285889,0.9063949584960938,0.7985860705375671,0.9212322235107422,0.9419088363647461,0.867188572883606,non_flattening
es_ser2_027,bge-m3,0.9809125065803528,0.981809675693512,0.9809125065803528,0.981809675693512,0.996466338634491,1.0,partial
es_ser2_028,bge-m3,0.8753719329833984,0.9173839688301086,0.8753719329833984,0.9173839688301086,0.9846597909927368,0.9999999403953552,partial
es_ser2_029,bge-m3,0.9712584614753723,0.9760788679122925,0.9712584614753723,0.9760788679122925,0.995908260345459,0.9999998807907104,partial
es_ser2_030,bge-m3,0.9713305830955505,0.9727588891983032,0.9713305830955505,0.9727588891983032,0.9877684712409973,1.0,partial
es_ser2_031,bge-m3,0.9235681295394897,0.9373045563697815,0.9235681295394897,0.9373045563697815,0.9934433102607727,1.0000003576278687,partial
es_ser2_032,bge-m3,0.8923805356025696,0.8823068141937256,0.8923805356025696,0.8823068141937256,0.9776433706283569,1.0,partial
es_ser2_033,bge-m3,0.9073412418365479,0.9255760312080383,0.9082615375518799,0.9004126787185669,0.9889736175537109,0.9592960476875305,non_flattening
es_ser2_034,bge-m3,0.9579162001609802,0.9621280431747437,0.9579162001609802,0.9621280431747437,0.9960346221923828,1.0000001192092896,partial
es_ser2_036,bge-m3,0.8725473284721375,0.886989414691925,0.8725473284721375,0.886989414691925,0.994012713432312,1.0000001192092896,partial
es_ser2_037,bge-m3,0.8560028672218323,0.8784438371658325,0.8560028672218323,0.8784438371658325,0.9883286952972412,0.9999998807907104,partial
es_ser2_038,bge-m3,0.9735222458839417,0.9693305492401123,0.9735222458839417,0.9693305492401123,0.989997148513794,1.000000238418579,partial
es_ser2_039,bge-m3,0.958534836769104,0.9684282541275024,0.958534836769104,0.9684282541275024,0.9850519299507141,1.0,partial
es_ser2_040,bge-m3,0.8899133205413818,0.9036297798156738,0.8899133205413818,0.9036297798156738,0.9945462942123413,0.9999996423721313,partial
es_ser2_041,bge-m3,0.9349771738052368,0.9448140263557434,0.9349771738052368,0.9448140263557434,0.9925951957702637,1.0000001192092896,partial
es_ser2_042,bge-m3,0.9079287648200989,0.9560315608978271,0.9079287648200989,0.9560315608978271,0.961380660533905,1.0,partial
es_ser2_043,bge-m3,0.9378584623336792,0.9481800198554993,0.9378584623336792,0.9481800198554993,0.9924688339233398,1.0000001192092896,partial
es_ser2_044,bge-m3,0.947187066078186,0.9522849321365356,0.947187066078186,0.9522849321365356,0.9890565276145935,0.9999997615814209,partial
es_ser2_045,bge-m3,0.9379045963287354,0.9425691962242126,0.9379045963287354,0.9425691962242126,0.9945774078369141,1.000000238418579,partial
es_ser2_046,bge-m3,0.9267330169677734,0.9637519717216492,0.9267330169677734,0.9637519717216492,0.9669440388679504,1.0,partial
es_ser2_047,bge-m3,0.9420450925827026,0.9643673896789551,0.9621429443359375,0.9379262924194336,0.9948856830596924,0.9743350744247437,non_flattening
es_ser2_048,bge-m3,0.9217050671577454,0.9405622482299805,0.9217050671577454,0.9405622482299805,0.9940495491027832,1.0,partial
es_ser2_049,bge-m3,0.882392168045044,0.8911763429641724,0.882392168045044,0.8911763429641724,0.989890456199646,1.0,partial
es_ser2_050,bge-m3,0.9283754229545593,0.9289270043373108,0.9283754229545593,0.9289270043373108,0.9963959455490112,1.0,partial
es_ser2_052,bge-m3,0.9491716623306274,0.964380145072937,0.9585974216461182,0.9510316848754883,0.9949911236763,0.9805915355682373,partial
es_ser2_053,bge-m3,0.8566155433654785,0.90879225730896,0.8811619281768799,0.8345162868499756,0.9780911803245544,0.8836240768432617,non_flattening
es_ser2_054,bge-m3,0.8963422775268555,0.864432692527771,0.7604022026062012,0.9269691109657288,0.937904953956604,0.8761730194091797,non_flattening
es_ser2_055,bge-m3,0.930976152420044,0.928159236907959,0.930976152420044,0.928159236907959,0.9934645891189575,1.0000003576278687,partial
es_ser2_056,bge-m3,0.9410883188247681,0.9534766674041748,0.9410883188247681,0.9534766674041748,0.9910044074058533,1.0,partial
es_ser2_057,bge-m3,0.9761471748352051,0.9856085777282715,0.9761471748352051,0.9856085777282715,0.9893667101860046,1.0000001192092896,partial
es_ser2_058,bge-m3,0.825116753578186,0.8606900572776794,0.825116753578186,0.8606900572776794,0.9800940752029419,1.000000238418579,partial
es_ser2_060,bge-m3,0.9757773876190186,0.9763636589050293,0.9757773876190186,0.9763636589050293,0.9932001233100891,1.0,partial
es_ser2_061,bge-m3,0.9468315243721008,0.9567696452140808,0.9468315243721008,0.9567696452140808,0.9948670864105225,1.000000238418579,partial
es_ser2_062,bge-m3,0.9680116176605225,0.9712768793106079,0.9680116176605225,0.9712768793106079,0.9839402437210083,0.9999999403953552,partial
es_ser2_063,bge-m3,0.9814343452453613,0.9806241989135742,0.9814343452453613,0.9806241989135742,0.9957647323608398,0.9999999403953552,partial
es_ser2_064,bge-m3,0.8663945198059082,0.8965373635292053,0.8663945198059082,0.8965373635292053,0.9871091246604919,1.0000003576278687,partial
es_ser2_065,bge-m3,0.9754809141159058,0.9782555103302002,0.9754809141159058,0.9782555103302002,0.9962634444236755,1.0,partial
es_ser2_066,bge-m3,0.9829290509223938,0.9844798445701599,0.9829290509223938,0.9844798445701599,0.9926899671554565,1.0,partial
es_ser2_067,bge-m3,0.9042425155639648,0.8616433143615723,0.8104329705238342,0.933800220489502,0.9715635776519775,0.9252986907958984,non_flattening
es_ser2_068,bge-m3,0.9535810351371765,0.9523330926895142,0.9277280569076538,0.9553334712982178,0.9887900352478027,0.9702491760253906,non_flattening
es_ser2_069,bge-m3,0.828860878944397,0.9503032565116882,0.9196726083755493,0.8198640942573547,0.980057954788208,0.857596218585968,non_flattening
es_ser2_070,bge-m3,0.9401572942733765,0.9407076239585876,0.9430555105209351,0.932367205619812,0.993912935256958,0.946374237537384,partial
es_ser2_071,bge-m3,0.8919088840484619,0.9064282178878784,0.9069117903709412,0.8906227350234985,0.9983130693435669,0.9724078178405762,partial
es_ser2_072,bge-m3,0.9823141098022461,0.9800222516059875,0.9823141098022461,0.9800222516059875,0.9954578280448914,0.9999999403953552,partial
es_ser2_073,bge-m3,0.9410167932510376,0.9412736892700195,0.9410167932510376,0.9412736892700195,0.9978560209274292,1.000000238418579,partial
es_ser2_074,bge-m3,0.9502097368240356,0.9555991291999817,0.9502097368240356,0.9555991291999817,0.9946048259735107,1.000000238418579,partial
es_ser2_075,bge-m3,0.8924638032913208,0.8987017273902893,0.8924638032913208,0.8987017273902893,0.9960739612579346,0.9999999403953552,partial
es_ser2_076,bge-m3,0.9063531756401062,0.9193016290664673,0.9063531756401062,0.9193016290664673,0.9873003959655762,0.9999998807907104,partial
es_ser2_077,bge-m3,0.912244439125061,0.9721815586090088,0.912244439125061,0.9721815586090088,0.9448420405387878,1.0000001192092896,partial
es_ser2_078,bge-m3,0.9363760948181152,0.9236593246459961,0.9229617118835449,0.9318369626998901,0.9884299039840698,0.9859563112258911,partial
es_ser2_079,bge-m3,0.9024946689605713,0.9505623579025269,0.9479212760925293,0.8984236717224121,0.9960228204727173,0.9215855002403259,partial
es_ser2_080,bge-m3,0.9543218016624451,0.9735958576202393,0.9543218016624451,0.9735958576202393,0.9840268492698669,1.0000001192092896,partial
es_ser2_081,bge-m3,0.9425424337387085,0.9501973986625671,0.9425424337387085,0.9501973986625671,0.99501633644104,1.0,partial
es_ser2_083,bge-m3,0.883489727973938,0.821510910987854,0.8062077164649963,0.892849862575531,0.9938482642173767,0.9016594886779785,partial
es_ser2_084,bge-m3,0.8712824583053589,0.8648009300231934,0.8613594174385071,0.8712716102600098,0.9964249134063721,0.8935331106185913,partial
es_ser2_085,bge-m3,0.7711390256881714,0.949928879737854,0.945634663105011,0.7679885029792786,0.9953673481941223,0.7677830457687378,partial
es_ser2_087,bge-m3,0.8889997005462646,0.9007057547569275,0.8889997005462646,0.9007057547569275,0.9824376106262207,0.9999999403953552,partial
es_ser2_088,bge-m3,0.8186763525009155,0.9570493698120117,0.9541409015655518,0.8231390714645386,0.9855448007583618,0.8556231260299683,partial
es_ser2_089,bge-m3,0.8797712326049805,0.8640834093093872,0.8027931451797485,0.9156869649887085,0.9624828696250916,0.9312922954559326,non_flattening
es_ser2_090,bge-m3,0.9590606689453125,0.9687978625297546,0.9590606689453125,0.9687978625297546,0.9946148991584778,0.9999998807907104,partial
es_ser2_091,bge-m3,0.9378410577774048,0.9430280327796936,0.9166398644447327,0.9410655498504639,0.9880273342132568,0.9648302793502808,non_flattening
es_ser2_093,bge-m3,0.9365225434303284,0.9569779634475708,0.9561725854873657,0.9360382556915283,0.9952152967453003,0.981157660484314,partial
es_ser2_095,bge-m3,0.9006518125534058,0.9662713408470154,0.9657925367355347,0.8954039812088013,0.9978969097137451,0.9191265106201172,non_flattening
es_ser2_097,bge-m3,0.9514175653457642,0.960374116897583,0.9514175653457642,0.960374116897583,0.994011402130127,0.9999997615814209,partial
es_ser2_099,bge-m3,0.953180193901062,0.9656515121459961,0.953180193901062,0.9656515121459961,0.9765732288360596,1.000000238418579,partial
es_ser2_101,bge-m3,0.9397795796394348,0.8819131851196289,0.7461059093475342,0.8253170251846313,0.8554171323776245,0.8011112809181213,non_flattening
es_ser2_102,bge-m3,0.9254773855209351,0.9346225261688232,0.9283996224403381,0.9269026517868042,0.9967976808547974,0.9858347177505493,non_flattening
es_ser2_103,bge-m3,0.7579942941665649,0.8398914337158203,0.8351800441741943,0.7484943866729736,0.9958558082580566,0.8997126221656799,non_flattening
es_ser2_105,bge-m3,0.9378538727760315,0.9505915641784668,0.9378538727760315,0.9505915641784668,0.9958003759384155,1.0,partial
es_ser2_106,bge-m3,0.9330497980117798,0.965447187423706,0.9330497980117798,0.965447187423706,0.9796642661094666,1.000000238418579,partial
es_ser2_107,bge-m3,0.9663338661193848,0.9800133109092712,0.9663338661193848,0.9800133109092712,0.990041971206665,1.0,partial
es_ser2_108,bge-m3,0.9495660066604614,0.9575905799865723,0.9495660066604614,0.9575905799865723,0.9914517998695374,0.9999997615814209,partial
es_ser2_109,bge-m3,0.8847276568412781,0.9106219410896301,0.8847276568412781,0.9106219410896301,0.9874254465103149,1.0,partial
es_ser2_110,bge-m3,0.9465150833129883,0.9483441114425659,0.9465150833129883,0.9483441114425659,0.9957666397094727,1.000000238418579,partial
