triplet_id,language,category,flattening,cos_gap__E5-large,cos_gap__E5-multi,cos_gap__LaBSE,cos_gap__MiniLM-multi,cos_gap__TF-IDF,cos_gap__bge-m3,sim_anchor_far__E5-large,sim_anchor_far__E5-multi,sim_anchor_far__LaBSE,sim_anchor_far__MiniLM-multi,sim_anchor_far__TF-IDF,sim_anchor_far__bge-m3,sim_anchor_near__E5-large,sim_anchor_near__E5-multi,sim_anchor_near__LaBSE,sim_anchor_near__MiniLM-multi,sim_anchor_near__TF-IDF,sim_anchor_near__bge-m3
es_ser2_001,spanish,ser_vs_estar,partial,-0.03215712308883667,-0.011113345623016357,-0.11949217319488525,-0.2321644425392151,-0.02931849703538314,-0.05715131759643555,0.9974536895751953,0.9972187876701355,0.9972912073135376,0.975220799446106,0.9414300595529593,0.989260196685791,0.9652965664863586,0.9861054420471191,0.8777990341186523,0.7430563569068909,0.9121115625175762,0.9321088790893555
es_ser2_003,spanish,ser_vs_estar,partial,-0.020360887050628662,-0.01829320192337036,-0.16672956943511963,-0.05509495735168457,-0.2903926536483985,-0.03336477279663086,0.9925810098648071,0.9897058606147766,0.9455031156539917,0.9898831248283386,0.9320325534173189,0.9490126371383667,0.9722201228141785,0.9714126586914062,0.7787735462188721,0.934788167476654,0.6416398997689204,0.9156478643417358
es_ser2_004,spanish,ser_vs_estar,partial,0.0008614659309387207,-0.00803232192993164,-0.055499136447906494,-0.014621317386627197,-0.01866449951671134,-0.01065981388092041,0.9901750683784485,0.9954203367233276,0.9968135952949524,0.9977009892463684,0.9669401151980561,0.9928067326545715,0.9910365343093872,0.987388014793396,0.9413144588470459,0.9830796718597412,0.9482756156813448,0.9821469187736511
es_ser2_005,spanish,ser_vs_estar,partial,-0.020742952823638916,-0.0251501202583313,-0.10803401470184326,-0.12049823999404907,-0.17590999537721763,-0.05613952875137329,0.9975432753562927,0.9957897067070007,0.9976977109909058,0.9992532730102539,0.9622196745548364,0.9965043663978577,0.9768003225326538,0.9706395864486694,0.8896636962890625,0.8787550330162048,0.7863096791776187,0.9403648376464844
es_ser2_006,spanish,ser_vs_estar,partial,-0.01970839500427246,-0.02164214849472046,-0.07910525798797607,-0.12372946739196777,-0.26627851977418704,-0.05385679006576538,0.9981600046157837,0.9969720244407654,0.9975779056549072,0.9987465143203735,0.9723666138015641,0.9957503080368042,0.9784516096115112,0.9753298759460449,0.9184726476669312,0.8750170469284058,0.706088094027377,0.9418935179710388
es_ser2_007,spanish,ser_vs_estar,partial,-0.008120954036712646,-0.007515847682952881,-0.053870320320129395,-0.013145744800567627,-0.019771635558933243,-0.0052394866943359375,0.9947494268417358,0.9923629760742188,0.9969334602355957,0.9992541670799255,0.9645931623621242,0.9895522594451904,0.9866284728050232,0.9848471283912659,0.9430631399154663,0.9861084222793579,0.944821526803191,0.9843127727508545
es_ser2_008,spanish,ser_vs_estar,partial,-0.0060076117515563965,-0.006438493728637695,-0.06891834735870361,-0.038312554359436035,-0.02201771822014509,-0.007379293441772461,0.9959988594055176,0.9946932792663574,0.9973791837692261,0.9878643155097961,0.9596469904510772,0.9958540201187134,0.9899912476539612,0.9882547855377197,0.9284608364105225,0.9495517611503601,0.9376292722309321,0.9884747266769409
es_ser2_009,spanish,ser_vs_estar,partial,-0.01115483045578003,-0.013136744499206543,-0.048789381980895996,-0.022174298763275146,-0.0351510713742329,-0.025803685188293457,0.9976804852485657,0.997687578201294,0.9968644976615906,0.9990525245666504,0.8924092916152357,0.9949805736541748,0.9865256547927856,0.9845508337020874,0.9480751156806946,0.9768782258033752,0.8572582202410028,0.9691768884658813
es_ser2_011,spanish,ser_vs_estar,partial,-0.012061476707458496,-0.00784313678741455,-0.07456696033477783,-0.020308196544647217,-0.023343138406339392,-0.013068735599517822,0.9973539113998413,0.9963209629058838,0.9960682392120361,0.9983128905296326,0.9566012391980221,0.996648907661438,0.9852924346923828,0.9884778261184692,0.9215012788772583,0.9780046939849854,0.9332581007916827,0.9835801720619202
es_ser2_012,spanish,ser_vs_estar,partial,-0.021699726581573486,-0.015333294868469238,-0.09363597631454468,-0.05144292116165161,-0.3105926598000618,-0.025611042976379395,0.9963602423667908,0.9954675436019897,0.9953280687332153,0.9969380497932434,0.9705539146395842,0.9828989505767822,0.9746605157852173,0.9801342487335205,0.9016920924186707,0.9454951286315918,0.6599612548395224,0.9572879076004028
es_ser2_013,spanish,ser_vs_estar,partial,-0.010975062847137451,-0.015052378177642822,-0.13466638326644897,-0.06835711002349854,-0.019878711713137376,-0.018961846828460693,0.9970839619636536,0.9924087524414062,0.9612405300140381,0.959425687789917,0.9643631124238883,0.9895235300064087,0.9861088991165161,0.9773563742637634,0.8265741467475891,0.8910685777664185,0.9444844007107509,0.970561683177948
es_ser2_014,spanish,ser_vs_estar,partial,-0.032935380935668945,-0.029631197452545166,-0.10291409492492676,-0.12234991788864136,-0.1657786835012569,-0.1381213665008545,0.9971369504928589,0.9963995814323425,0.9961864948272705,0.9949202537536621,0.9654171472226223,0.9931665658950806,0.9642015695571899,0.9667683839797974,0.8932723999023438,0.8725703358650208,0.7996384637213654,0.8550451993942261
es_ser2_015,spanish,ser_vs_estar,partial,-0.008487105369567871,-0.0033807754516601562,-0.07180434465408325,-0.01363217830657959,-0.14124001673199627,-0.008950531482696533,0.9976305961608887,0.9952187538146973,0.9939209222793579,0.9985443353652954,0.9675598477255241,0.9934167265892029,0.9891434907913208,0.9918379783630371,0.9221165776252747,0.9849121570587158,0.8263198309935278,0.9844661951065063
es_ser2_016,spanish,ser_vs_estar,partial,-0.009885787963867188,-0.040380895137786865,-0.16186118125915527,-0.0629076361656189,-0.32456995363857044,-0.06974732875823975,0.9782131314277649,0.9902793765068054,0.9916659593582153,0.9926249980926514,0.9593800993047377,0.9815053939819336,0.9683273434638977,0.9498984813690186,0.8298047780990601,0.9297173619270325,0.6348101456661672,0.9117580652236938
es_ser2_017,spanish,ser_vs_estar,partial,-0.02966076135635376,-0.03794986009597778,-0.14115643501281738,-0.250940203666687,-0.14436105243242947,-0.1290220022201538,0.9973574280738831,0.9973006248474121,0.9965119361877441,0.9993372559547424,0.9715902796793545,0.9950312376022339,0.9676966667175293,0.9593507647514343,0.8553555011749268,0.7483970522880554,0.827229227246925,0.8660092353820801
es_ser2_018,spanish,ser_vs_estar,partial,-0.023131906986236572,-0.012171387672424316,-0.11824136972427368,-0.034961044788360596,-0.14384884569318024,-0.042155444622039795,0.9951040148735046,0.9978677034378052,0.9954402446746826,0.999291181564331,0.977855603880885,0.9930890798568726,0.9719721078872681,0.9856963157653809,0.8771988749504089,0.9643301367759705,0.8340067581877048,0.9509336352348328
es_ser2_019,spanish,ser_vs_estar,partial,-0.005087435245513916,-0.011725425720214844,-0.07576608657836914,-0.0013058781623840332,-0.15061992883898878,-0.00853961706161499,0.9959299564361572,0.9977798461914062,0.9934935569763184,0.983971118927002,0.9690436752355609,0.9953707456588745,0.9908425211906433,0.9860544204711914,0.9177274703979492,0.9826652407646179,0.8184237463965721,0.9868311285972595
es_ser2_020,spanish,ser_vs_estar,partial,-0.03289300203323364,-0.02746570110321045,-0.10866200923919678,-0.2320181131362915,-0.06612138847836224,-0.036414921283721924,0.9970956444740295,0.9977315068244934,0.9914636611938477,0.9892043471336365,0.8691888037209434,0.9657289385795593,0.9642026424407959,0.970265805721283,0.8828016519546509,0.757186233997345,0.8030674152425812,0.9293140172958374
es_ser2_021,spanish,ser_vs_estar,partial,-0.0030875205993652344,-0.005949437618255615,-0.03777897357940674,-0.014837801456451416,-0.02062514572606544,-0.0026592612266540527,0.9895734786987305,0.9955881237983704,0.9948211908340454,0.9978533387184143,0.962743855608047,0.9739634394645691,0.9864859580993652,0.9896386861801147,0.9570422172546387,0.9830155372619629,0.9421187098819815,0.971304178237915
es_ser2_022,spanish,ser_vs_estar,partial,-0.013886868953704834,-0.014282643795013428,-0.12720584869384766,-0.01612299680709839,-0.25841450486138107,-0.022326111793518066,0.9829258322715759,0.9958178997039795,0.9932787418365479,0.9555728435516357,0.9466079939988314,0.9621634483337402,0.9690389633178711,0.9815352559089661,0.8660728931427002,0.9394498467445374,0.6881934891374504,0.9398373365402222
es_ser2_025,spanish,ser_vs_estar,partial,-0.022430121898651123,-0.009349226951599121,-0.13899576663970947,-0.24964666366577148,-0.025987790732918348,-0.04132366180419922,0.9907702803611755,0.9945434331893921,0.9939406514167786,0.9671127796173096,0.9502039868442104,0.964278519153595,0.9683401584625244,0.985194206237793,0.8549448847770691,0.7174661159515381,0.924216196111292,0.9229548573493958
es_ser2_026,spanish,ser_vs_estar,partial,0.007350325584411621,-0.005381524562835693,-0.1246957778930664,-0.005900323390960693,-0.02535403537926406,0.0357133150100708,0.9782527685165405,0.9920386672019958,0.9932857751846313,0.9600216746330261,0.9391557366566035,0.941908597946167,0.9856030941009521,0.9866571426391602,0.8685899972915649,0.9541213512420654,0.9138017012773394,0.9776219129562378
es_ser2_027,spanish,ser_vs_estar,partial,-0.01240694522857666,-0.007249236106872559,-0.06878501176834106,-0.009624063968658447,-0.015072217075269512,-0.023655295372009277,0.9971522092819214,0.996788740158081,0.9965229630470276,0.9994228482246399,0.9741885294940997,0.9964662790298462,0.9847452640533447,0.9895395040512085,0.9277379512786865,0.9897987842559814,0.9591163124188302,0.9728109836578369
es_ser2_028,spanish,ser_vs_estar,partial,-0.03769266605377197,-0.017918765544891357,-0.09533947706222534,-0.01959228515625,-0.1349503859796346,-0.026904940605163574,0.9950579404830933,0.9972198605537415,0.9964137077331543,0.9980233311653137,0.973388583724184,0.9846598505973816,0.9573652744293213,0.9793010950088501,0.901074230670929,0.9784310460090637,0.8384381977445494,0.957754909992218
es_ser2_029,spanish,ser_vs_estar,partial,-0.011344850063323975,-0.009636342525482178,-0.1018783450126648,-0.022331655025482178,-0.24376288858025663,-0.014684677124023438,0.9968773722648621,0.9954364895820618,0.9935882687568665,0.986945629119873,0.9599030061386336,0.9959081411361694,0.9855325222015381,0.9858001470565796,0.8917099237442017,0.9646139740943909,0.7161401175583769,0.981223464012146
es_ser2_030,spanish,ser_vs_estar,partial,-0.005147814750671387,-0.007490396499633789,-0.06773924827575684,-0.02646315097808838,0.06388496921790787,-0.005175232887268066,0.994553804397583,0.9968209266662598,0.9951543211936951,0.9942284226417542,0.9029145275988174,0.9877684116363525,0.9894059896469116,0.989330530166626,0.9274150729179382,0.9677652716636658,0.9667994968167253,0.9825931787490845
es_ser2_031,spanish,ser_vs_estar,partial,-0.006097018718719482,-0.014253020286560059,-0.06700301170349121,-0.014096558094024658,-0.02143221651784455,-0.022862374782562256,0.9962499141693115,0.9955272674560547,0.996300458908081,0.9953324794769287,0.9609614591174446,0.9934435486793518,0.990152895450592,0.9812742471694946,0.9292974472045898,0.981235921382904,0.9395292425996,0.9705811738967896
es_ser2_032,spanish,ser_vs_estar,partial,-0.020737171173095703,-0.020549774169921875,-0.10726374387741089,-0.006824016571044922,-0.20578275012360614,-0.04938077926635742,0.9952775239944458,0.9939262866973877,0.9937671422958374,0.9984900951385498,0.9649776800749106,0.9776432514190674,0.9745403528213501,0.9733765125274658,0.8865033984184265,0.9916660785675049,0.7591949299513044,0.92826247215271
es_ser2_033,spanish,ser_vs_estar,partial,-0.007160961627960205,-0.010849177837371826,-0.06690472364425659,-0.02148723602294922,-0.23503326947034253,-0.009387195110321045,0.9942140579223633,0.9965176582336426,0.9953422546386719,0.9865367412567139,0.9637143831026387,0.9889734387397766,0.9870530962944031,0.9856684803962708,0.9284375309944153,0.9650495052337646,0.7286811136322962,0.9795862436294556
es_ser2_034,spanish,ser_vs_estar,partial,-0.0062667131423950195,-0.00914621353149414,-0.049129605293273926,-0.009239912033081055,-0.031783672802416674,-0.015778005123138428,0.9984380006790161,0.9975817203521729,0.998852014541626,0.9997025728225708,0.9235280616938933,0.9960346817970276,0.9921712875366211,0.9884355068206787,0.949722409248352,0.9904626607894897,0.8917443888914767,0.9802566766738892
es_ser2_036,spanish,ser_vs_estar,partial,-0.00982445478439331,-0.009457588195800781,-0.06945711374282837,-0.03909099102020264,-0.1778947795977769,-0.018645286560058594,0.9957545399665833,0.9961764812469482,0.9960058927536011,0.9914132356643677,0.9712781800416324,0.9940128326416016,0.9859300851821899,0.9867188930511475,0.9265487790107727,0.952322244644165,0.7933834004438555,0.975367546081543
es_ser2_037,spanish,ser_vs_estar,partial,-0.009697020053863525,-0.010543763637542725,-0.08691775798797607,-0.007778644561767578,-0.01634436551562435,-0.013405978679656982,0.9917222857475281,0.9957081079483032,0.9966151714324951,0.9984545707702637,0.9716820976457718,0.9883288741111755,0.9820252656936646,0.9851643443107605,0.909697413444519,0.9906759262084961,0.9553377321301475,0.9749228954315186
es_ser2_038,spanish,ser_vs_estar,partial,-0.010456204414367676,-0.006976962089538574,-0.060813963413238525,-0.031487107276916504,-0.022679579533107397,-0.012559771537780762,0.9949254989624023,0.9933742880821228,0.9950758218765259,0.9971674680709839,0.9581385344917315,0.9899970889091492,0.9844692945480347,0.9863973259925842,0.9342618584632874,0.9656803607940674,0.9354589549586241,0.9774373173713684
es_ser2_039,spanish,ser_vs_estar,partial,-0.007526397705078125,-0.01727306842803955,-0.06984198093414307,-0.04575163125991821,-0.24862433322187216,-0.029410481452941895,0.9940831661224365,0.9959049224853516,0.9978829622268677,0.9976730346679688,0.8985508162879107,0.9850519299507141,0.9865567684173584,0.978631854057312,0.9280409812927246,0.9519214034080505,0.6499264830660385,0.9556414484977722
es_ser2_040,spanish,ser_vs_estar,partial,-0.005954086780548096,-0.0052217841148376465,-0.06275463104248047,-0.03246074914932251,-0.009343483126441399,-0.009275197982788086,0.9981164932250977,0.9992230534553528,0.9982969760894775,0.9991694092750549,0.9847632680441023,0.9945461750030518,0.9921624064445496,0.9940012693405151,0.9355423450469971,0.9667086601257324,0.9754197849176609,0.9852709770202637
es_ser2_041,spanish,ser_vs_estar,partial,-0.01567375659942627,-0.010246753692626953,-0.09047138690948486,-0.012817621231079102,-0.016551667262335257,-0.017120420932769775,0.9962183237075806,0.9958932399749756,0.9962326288223267,0.9973598718643188,0.9712675975743614,0.9925952553749084,0.9805445671081543,0.9856464862823486,0.9057612419128418,0.9845422506332397,0.9547159303120262,0.9754748344421387
es_ser2_042,spanish,ser_vs_estar,partial,-0.005880832672119141,-0.005820333957672119,-0.046118855476379395,-0.009609460830688477,-0.018747084042839757,-0.010087847709655762,0.9966470003128052,0.9837639927864075,0.9954004287719727,0.9981813430786133,0.9667670041116243,0.9613807201385498,0.990766167640686,0.9779436588287354,0.9492815732955933,0.9885718822479248,0.9480199200687845,0.951292872428894
es_ser2_043,spanish,ser_vs_estar,partial,-0.014991044998168945,-0.015535056591033936,-0.08699548244476318,-0.017665505409240723,-0.0652391776152208,-0.018200933933258057,0.9969074726104736,0.9970871806144714,0.9987952709197998,0.9988322257995605,0.8958124000197545,0.9924687743186951,0.9819164276123047,0.9815521240234375,0.9117997884750366,0.9811667203903198,0.8305732224045337,0.974267840385437
es_ser2_044,spanish,ser_vs_estar,partial,-0.015625298023223877,-0.016577601432800293,-0.10829854011535645,-0.19164860248565674,-0.1859355868084216,-0.07103180885314941,0.998343825340271,0.9958418011665344,0.9985342025756836,0.9992302656173706,0.98137994385228,0.9890565872192383,0.9827185273170471,0.9792641997337341,0.8902356624603271,0.8075816631317139,0.7954443570438584,0.9180247783660889
es_ser2_045,spanish,ser_vs_estar,partial,-0.016535162925720215,-0.009440958499908447,-0.06207340955734253,-0.011312425136566162,-0.018950217533927338,-0.007614493370056152,0.9955010414123535,0.9917399883270264,0.9781439900398254,0.9902489185333252,0.9663398805555778,0.9945774078369141,0.9789658784866333,0.9822990298271179,0.9160705804824829,0.978936493396759,0.9473896630216505,0.9869629144668579
es_ser2_046,spanish,ser_vs_estar,partial,-0.017283260822296143,-0.02028524875640869,-0.13739681243896484,-0.1756337285041809,-0.20092271297498387,-0.06039130687713623,0.9864765405654907,0.9912937879562378,0.9944243431091309,0.9960353374481201,0.9533976637285396,0.9669442176818848,0.9691932797431946,0.9710085391998291,0.857027530670166,0.8204016089439392,0.7524749507535557,0.9065529108047485
es_ser2_047,spanish,ser_vs_estar,partial,-0.005735874176025391,-0.018932461738586426,-0.07980287075042725,-0.009192585945129395,-0.1511882277221266,-0.009892523288726807,0.9922511577606201,0.9932315349578857,0.992974579334259,0.9878991842269897,0.9688789622738943,0.9948856234550476,0.9865152835845947,0.9742990732192993,0.9131717085838318,0.9787065982818604,0.8176907345517677,0.9849931001663208
es_ser2_048,spanish,ser_vs_estar,partial,-0.009610176086425781,-0.007234930992126465,-0.05927860736846924,-0.031178653240203857,-0.014713864335037852,-0.007350265979766846,0.9936342239379883,0.9950934648513794,0.9975744485855103,0.9965787529945374,0.9758649614045924,0.9940494298934937,0.9840240478515625,0.9878585338592529,0.938295841217041,0.9654000997543335,0.9611510970695546,0.9866991639137268
es_ser2_049,spanish,ser_vs_estar,partial,-0.015370726585388184,-0.02251279354095459,-0.09579479694366455,-0.1430436372756958,-0.29199646503103416,-0.045973241329193115,0.9966562986373901,0.9966113567352295,0.9940599203109741,0.9976502656936646,0.9673466937966291,0.9898902177810669,0.981285572052002,0.9740985631942749,0.8982651233673096,0.8546066284179688,0.6753502287655949,0.9439169764518738
es_ser2_050,spanish,ser_vs_estar,partial,-0.015018820762634277,-0.0196039080619812,-0.05076169967651367,-0.1036110520362854,-0.2598123942692758,-0.031195402145385742,0.9977524280548096,0.9970253705978394,0.9968355894088745,0.9990165829658508,0.9639091161994784,0.9963958263397217,0.9827336072921753,0.9774214625358582,0.9460738897323608,0.8954055309295654,0.7040967219302026,0.9652004241943359
es_ser2_052,spanish,ser_vs_estar,partial,-0.011008620262145996,-0.010428309440612793,-0.1056070327758789,-0.0428544282913208,-0.23879791455646338,-0.01647895574569702,0.9965961575508118,0.9955549240112305,0.9977231025695801,0.9968471527099609,0.9613120822068236,0.9949910044670105,0.9855875372886658,0.9851266145706177,0.8921160697937012,0.9539927244186401,0.7225141676503603,0.9785120487213135
es_ser2_053,spanish,ser_vs_estar,partial,-0.06104540824890137,-0.023911118507385254,-0.17188328504562378,-0.2290990948677063,-0.3677196209674779,-0.07812917232513428,0.9959101676940918,0.9944809079170227,0.9974483251571655,0.996300220489502,0.9589957089452177,0.9780910015106201,0.9348647594451904,0.9705697894096375,0.8255650401115417,0.7672011256217957,0.5912760879777398,0.8999618291854858
es_ser2_054,spanish,ser_vs_estar,partial,-0.0014295578002929688,-0.01671457290649414,-0.11110031604766846,-0.018646836280822754,-0.23980015011792422,0.0009737610816955566,0.9767308235168457,0.9942362308502197,0.9947739839553833,0.9827569127082825,0.9535152830255149,0.937904953956604,0.9753012657165527,0.9775216579437256,0.8836736679077148,0.9641100764274597,0.7137151329075907,0.9388787150382996
es_ser2_055,spanish,ser_vs_estar,partial,-0.012104153633117676,-0.01119762659072876,-0.08572185039520264,-0.02912384271621704,-0.01826181907898239,-0.018966853618621826,0.9940172433853149,0.9930059313774109,0.9910433292388916,0.9960996508598328,0.967779805177209,0.9934647083282471,0.9819130897521973,0.9818083047866821,0.905321478843689,0.9669758081436157,0.9495179860982266,0.9744978547096252
es_ser2_056,spanish,ser_vs_estar,partial,-0.030839145183563232,-0.03334391117095947,-0.20714253187179565,-0.13505303859710693,-0.2911869542071823,-0.12096047401428223,0.9931837916374207,0.9972265958786011,0.9967593550682068,0.9974897503852844,0.9505152731880828,0.9910044074058533,0.9623446464538574,0.9638826847076416,0.7896168231964111,0.8624367117881775,0.6593283189809005,0.870043933391571
es_ser2_057,spanish,ser_vs_estar,partial,-0.020773768424987793,-0.02292555570602417,-0.10827720165252686,-0.07279115915298462,-0.15714422574219322,-0.07933801412582397,0.9944698810577393,0.9939042329788208,0.9963068962097168,0.9860906004905701,0.9679958373348725,0.9893667101860046,0.9736961126327515,0.9709786772727966,0.8880296945571899,0.9132994413375854,0.8108516115926793,0.9100286960601807
es_ser2_058,spanish,ser_vs_estar,partial,-0.025231599807739258,-0.025619983673095703,-0.15009832382202148,-0.005069851875305176,-0.41492214857078846,-0.07555925846099854,0.9767856597900391,0.9947265386581421,0.9919509887695312,0.991512656211853,0.9523049509938427,0.9800939559936523,0.9515540599822998,0.9691065549850464,0.8418526649475098,0.9864428043365479,0.5373828024230543,0.9045346975326538
es_ser2_060,spanish,ser_vs_estar,partial,-0.014248132705688477,-0.0087965726852417,-0.05873990058898926,-0.02565300464630127,-0.015005468788560239,-0.01883089542388916,0.9980576634407043,0.9984661340713501,0.9974367618560791,0.9996390342712402,0.9743183144720765,0.9932001829147339,0.9838095307350159,0.9896695613861084,0.9386968612670898,0.973986029624939,0.9593128456835163,0.9743692874908447
es_ser2_061,spanish,ser_vs_estar,partial,-0.015295803546905518,-0.012099921703338623,-0.04871028661727905,-0.014340758323669434,-0.194315082994316,-0.03148341178894043,0.9969950914382935,0.9959011077880859,0.9974879026412964,0.9982558488845825,0.9731944445494778,0.9948669672012329,0.9816992878913879,0.9838011860847473,0.9487776160240173,0.9839150905609131,0.7788793615551618,0.9633835554122925
es_ser2_062,spanish,ser_vs_estar,partial,-0.013794541358947754,-0.02670961618423462,-0.11264598369598389,-0.05927234888076782,-0.35308508555686835,-0.04112732410430908,0.9942319393157959,0.9952432513237,0.9876124858856201,0.9832267165184021,0.9663568671406593,0.9839402437210083,0.9804373979568481,0.9685336351394653,0.8749665021896362,0.9239543676376343,0.6132717815837909,0.9428129196166992
es_ser2_063,spanish,ser_vs_estar,partial,-0.02770894765853882,-0.015171408653259277,-0.0773821473121643,-0.07732665538787842,-0.27945067966895754,-0.05593907833099365,0.9979410171508789,0.9973411560058594,0.9981381297111511,0.9983235597610474,0.9755326175123729,0.9957648515701294,0.9702320694923401,0.9821697473526001,0.9207559823989868,0.920996904373169,0.6960819378434153,0.9398257732391357
es_ser2_064,spanish,ser_vs_estar,partial,-0.005286514759063721,0.0013622045516967773,-0.09973186254501343,-0.011852741241455078,-0.016365824399408924,-0.009412646293640137,0.9880664348602295,0.9779027104377747,0.9471634030342102,0.9878212213516235,0.9716392711210522,0.9871090650558472,0.9827799201011658,0.9792649149894714,0.8474315404891968,0.9759684801101685,0.9552734467216433,0.977696418762207
es_ser2_065,spanish,ser_vs_estar,partial,-0.006160259246826172,-0.010896623134613037,-0.08062171936035156,-0.021220266819000244,-0.1361585117523202,-0.014912009239196777,0.9937766790390015,0.9967446327209473,0.99689781665802,0.9988822937011719,0.9730664913648742,0.9962632656097412,0.9876164197921753,0.9858480095863342,0.9162760972976685,0.9776620268821716,0.836907979612554,0.9813512563705444
es_ser2_066,spanish,ser_vs_estar,partial,-0.003198564052581787,-0.008210897445678711,-0.02703249454498291,-0.013449430465698242,-0.013050276992491061,-0.013035833835601807,0.9945212602615356,0.9956755638122559,0.9962413311004639,0.9985153675079346,0.9780474660860596,0.992689847946167,0.9913226962089539,0.9874646663665771,0.969208836555481,0.9850659370422363,0.9649971890935686,0.9796540141105652
es_ser2_067,spanish,ser_vs_estar,partial,-0.0161016583442688,-0.01666659116744995,-0.11151015758514404,-0.023085057735443115,-0.27090485245041585,-0.024868488311767578,0.9894440770149231,0.9962741136550903,0.9963818192481995,0.9946384429931641,0.941386465296896,0.9715635776519775,0.9733424186706543,0.9796075224876404,0.8848716616630554,0.971553385257721,0.6704816128464801,0.94669508934021
es_ser2_068,spanish,ser_vs_estar,partial,-0.0017472505569458008,-0.014491736888885498,-0.06988215446472168,-0.028409838676452637,-0.014470465454457404,-0.0009485483169555664,0.9963144063949585,0.9962623119354248,0.9939779043197632,0.9966379404067993,0.9753525384990565,0.9887901544570923,0.9945671558380127,0.9817705750465393,0.9240957498550415,0.9682281017303467,0.960882073044599,0.9878416061401367
es_ser2_069,spanish,ser_vs_estar,partial,-0.0344005823135376,-0.027552902698516846,-0.12851768732070923,-0.043398261070251465,-0.3817354540003971,-0.057265639305114746,0.9887758493423462,0.9939541220664978,0.9710875153541565,0.9453972578048706,0.9551170610731948,0.980057954788208,0.9543752670288086,0.966401219367981,0.8425698280334473,0.9019989967346191,0.5733816070727977,0.9227923154830933
es_ser2_070,spanish,ser_vs_estar,partial,-0.02761751413345337,-0.010272800922393799,-0.09767311811447144,-0.03206592798233032,0.03966456237758398,-0.03833889961242676,0.997954785823822,0.9956817030906677,0.9977139830589294,0.9984190464019775,0.9396167006532656,0.9939128756523132,0.9703372716903687,0.9854089021682739,0.900040864944458,0.9663531184196472,0.9792812630308496,0.9555739760398865
es_ser2_071,spanish,ser_vs_estar,partial,-0.02274954319000244,-0.034140050411224365,-0.1332351565361023,-0.14533895254135132,-0.1673611475517054,-0.08635592460632324,0.9987004399299622,0.9986134171485901,0.9969995617866516,0.9983713030815125,0.964930355833149,0.9983130693435669,0.9759508967399597,0.9644733667373657,0.8637644052505493,0.8530323505401611,0.7975692082814436,0.9119571447372437
es_ser2_072,spanish,ser_vs_estar,partial,-0.007554173469543457,-0.0052831172943115234,-0.046035587787628174,-0.021976351737976074,-0.013839029273744141,-0.012424051761627197,0.9836928248405457,0.996406078338623,0.9981902241706848,0.9997649192810059,0.9774100092750462,0.9954578280448914,0.9761386513710022,0.9911229610443115,0.9521546363830566,0.9777885675430298,0.963570980001302,0.9830337762832642
es_ser2_073,spanish,ser_vs_estar,partial,-0.004508018493652344,-0.007321655750274658,-0.021959424018859863,-0.01064687967300415,-0.1095469306217044,-0.007474184036254883,0.998214602470398,0.9991446733474731,0.9977195262908936,0.999377965927124,0.9797178188300557,0.9978560209274292,0.9937065839767456,0.9918230175971985,0.9757601022720337,0.9887310862541199,0.8701708882083513,0.9903818368911743
es_ser2_074,spanish,ser_vs_estar,partial,-0.0012430548667907715,-0.007262468338012695,-0.05549120903015137,-0.027218878269195557,-0.027217501403062117,-0.012143373489379883,0.9930621385574341,0.9966038465499878,0.9927222728729248,0.9948984980583191,0.947066526101274,0.9946046471595764,0.9918190836906433,0.9893413782119751,0.9372310638427734,0.9676796197891235,0.9198490246982118,0.9824612736701965
es_ser2_075,spanish,ser_vs_estar,partial,-0.015921831130981445,-0.0046427249908447266,-0.05411982536315918,-0.016156911849975586,-0.016788836996407208,-0.006096303462982178,0.9972522258758545,0.9952548742294312,0.9978319406509399,0.9975953102111816,0.9707912328262024,0.9960740804672241,0.981330394744873,0.9906121492385864,0.9437121152877808,0.981438398361206,0.9540023958297952,0.9899777770042419
es_ser2_076,spanish,ser_vs_estar,partial,-0.01929694414138794,-0.018796920776367188,-0.11951631307601929,-0.07728910446166992,-0.35567026404837176,-0.06031745672225952,0.9877921938896179,0.9957211017608643,0.9965182542800903,0.9913908839225769,0.9505762090536315,0.9873005747795105,0.96849524974823,0.9769241809844971,0.877001941204071,0.914101779460907,0.5949059450052597,0.926983118057251
es_ser2_077,spanish,ser_vs_estar,partial,-0.023766040802001953,-0.003326117992401123,-0.05148082971572876,-0.025609314441680908,0.07534940961099534,0.001089334487915039,0.9974507093429565,0.987647294998169,0.9972305297851562,0.9984331727027893,0.8864596497252324,0.9448419809341431,0.9736846685409546,0.9843211770057678,0.9457497000694275,0.9728238582611084,0.9618090593362277,0.9459313154220581
es_ser2_078,spanish,ser_vs_estar,partial,-0.010519564151763916,-0.01043701171875,-0.08561265468597412,-0.017472147941589355,-0.022298881979322394,-0.0047795772552490234,0.994606614112854,0.9976370334625244,0.9901965260505676,0.9926485419273376,0.9590091619682621,0.9884297847747803,0.9840870499610901,0.9872000217437744,0.9045838713645935,0.9751763939857483,0.9367102799889397,0.9836502075195312
es_ser2_079,spanish,ser_vs_estar,partial,-0.022214531898498535,-0.015135526657104492,-0.08267176151275635,-0.018641769886016846,-0.30396912043148017,-0.023072004318237305,0.9918513298034668,0.9958191514015198,0.997162938117981,0.9990000128746033,0.9754907004323309,0.9960227012634277,0.9696367979049683,0.9806836247444153,0.9144911766052246,0.9803582429885864,0.6715215800008507,0.9729506969451904
es_ser2_080,spanish,ser_vs_estar,partial,-0.02033412456512451,-0.017842888832092285,-0.0907750129699707,-0.016140520572662354,-0.16280573477401594,-0.02417898178100586,0.9881720542907715,0.9952670335769653,0.9950550198554993,0.9939764142036438,0.9653924158733385,0.9840267896652222,0.967837929725647,0.977424144744873,0.9042800068855286,0.9778358936309814,0.8025866810993225,0.9598478078842163
es_ser2_081,spanish,ser_vs_estar,partial,-0.010382771492004395,-0.0078067779541015625,-0.07004165649414062,-0.03216993808746338,-0.18710794701583677,-0.019552171230316162,0.9974581599235535,0.9978556632995605,0.995227575302124,0.997199535369873,0.9746624938841753,0.99501633644104,0.9870753884315491,0.990048885345459,0.9251859188079834,0.9650295972824097,0.7875545468683385,0.9754641652107239
es_ser2_083,spanish,ser_vs_estar,partial,-0.010492980480194092,-0.015091359615325928,-0.12087661027908325,-0.02641671895980835,-0.1695114665832934,-0.03500473499298096,0.9946404695510864,0.9937924146652222,0.9963164329528809,0.9977390170097351,0.9687612814730632,0.9938485622406006,0.9841474890708923,0.9787010550498962,0.8754398226737976,0.9713222980499268,0.7992498148897698,0.9588438272476196
es_ser2_084,spanish,ser_vs_estar,partial,-0.022409498691558838,-0.037054359912872314,-0.14137428998947144,-0.2119503617286682,-0.13837021159103713,-0.1513575315475464,0.9927228689193726,0.9973673224449158,0.9961410760879517,0.9989272952079773,0.9731905960729238,0.9964247941970825,0.9703133702278137,0.9603129625320435,0.8547667860984802,0.7869769334793091,0.8348203844818867,0.8450672626495361
es_ser2_085,spanish,ser_vs_estar,partial,-0.015752673149108887,-0.01532965898513794,-0.11913907527923584,-0.030912160873413086,-0.015851160484584792,-0.027912616729736328,0.9958008527755737,0.9974717497825623,0.9923611879348755,0.9964737892150879,0.9726613421338273,0.995367169380188,0.9800481796264648,0.9821420907974243,0.8732221126556396,0.9655616283416748,0.9568101816492425,0.9674545526504517
es_ser2_087,spanish,ser_vs_estar,partial,-0.008991777896881104,-0.014789164066314697,-0.07438862323760986,-0.032681941986083984,-0.02056597596793941,-0.023641645908355713,0.9894694685935974,0.995367169380188,0.9971585273742676,0.9927786588668823,0.9628732221820279,0.9824375510215759,0.9804776906967163,0.9805780053138733,0.9227699041366577,0.9600967168807983,0.9423072462140885,0.9587959051132202
es_ser2_088,spanish,ser_vs_estar,partial,-0.000742793083190918,-0.0013008713722229004,-0.043205976486206055,-0.010710418224334717,-0.01672302573826978,0.0027892589569091797,0.996113657951355,0.9975576996803284,0.9956167936325073,0.9949222207069397,0.9709236480743395,0.9855445623397827,0.9953708648681641,0.9962568283081055,0.9524108171463013,0.984211802482605,0.9542006223360697,0.9883338212966919
es_ser2_089,spanish,ser_vs_estar,partial,-0.006049752235412598,-0.012819290161132812,-0.13036799430847168,-0.013467252254486084,-0.2627004429064167,-0.022369861602783203,0.9785056114196777,0.9926143884658813,0.9915832281112671,0.9900735020637512,0.944875119882778,0.9624828100204468,0.9724558591842651,0.9797950983047485,0.8612152338027954,0.9766062498092651,0.6821746769763612,0.9401129484176636
es_ser2_090,spanish,ser_vs_estar,partial,-0.0031562447547912598,-0.0033362507820129395,-0.02703726291656494,-0.023374080657958984,-0.07401712610051148,-0.0069158077239990234,0.9982066750526428,0.9973962903022766,0.9970366358757019,0.9991152286529541,0.8884948444163525,0.9946147203445435,0.9950504302978516,0.9940600395202637,0.969999372959137,0.9757411479949951,0.814477718315841,0.9876989126205444
es_ser2_091,spanish,ser_vs_estar,partial,-0.008053600788116455,-0.015355467796325684,-0.09061694145202637,-0.021882712841033936,-0.16211906239934548,-0.01847207546234131,0.9951546788215637,0.9974448084831238,0.9923557043075562,0.9989431500434875,0.9656050637509531,0.9880273938179016,0.9871010780334473,0.9820893406867981,0.9017387628555298,0.9770604372024536,0.8034860013516076,0.9695553183555603
es_ser2_093,spanish,ser_vs_estar,partial,-0.011271774768829346,-0.007808029651641846,-0.12669038772583008,-0.06267774105072021,-0.25744358697673553,-0.025968611240386963,0.9964452385902405,0.9918823838233948,0.9967440366744995,0.9994112253189087,0.95577494273756,0.9952154755592346,0.9851734638214111,0.9840743541717529,0.8700536489486694,0.9367334842681885,0.6983313557608245,0.9692468643188477
es_ser2_095,spanish,ser_vs_estar,partial,-0.06341630220413208,-0.04840010404586792,-0.21159958839416504,-0.3588574528694153,-0.5077503049368288,-0.20600861310958862,0.9994058012962341,0.9990223050117493,0.9982640743255615,0.9993030428886414,0.981588576605108,0.9978969097137451,0.935989499092102,0.9506222009658813,0.7866644859313965,0.6404455900192261,0.4738382716682792,0.7918882966041565
es_ser2_097,spanish,ser_vs_estar,partial,-0.004097163677215576,-0.0037747621536254883,-0.06534886360168457,-0.022195756435394287,0.048481674470546854,-0.009316444396972656,0.9968833327293396,0.9981256127357483,0.9966064691543579,0.9993616342544556,0.9263856710397456,0.994011402130127,0.992786169052124,0.9943508505821228,0.9312576055526733,0.9771658778190613,0.9748673455102924,0.9846949577331543
es_ser2_099,spanish,ser_vs_estar,partial,-0.02316337823867798,-0.012290239334106445,-0.0577850341796875,-0.033041298389434814,0.06289690454007513,0.002879023551940918,0.9976733922958374,0.9963557720184326,0.9935330152511597,0.9981867074966431,0.9048929576249944,0.9765732288360596,0.9745100140571594,0.9840655326843262,0.9357479810714722,0.9651454091072083,0.9677898621650696,0.9794522523880005
es_ser2_101,spanish,ser_vs_estar,partial,0.08924180269241333,0.07528865337371826,0.18235307931900024,0.18300151824951172,0.28378634538850334,0.13522011041641235,0.9062293171882629,0.9188618659973145,0.7807316184043884,0.8026046752929688,0.6790245678605785,0.8554171919822693,0.9954711198806763,0.9941505193710327,0.9630846977233887,0.9856061935424805,0.9628109132490819,0.9906373023986816
es_ser2_102,spanish,ser_vs_estar,partial,-0.0202140212059021,-0.030060768127441406,-0.10898995399475098,-0.07214802503585815,-0.13030744131617156,-0.06595194339752197,0.9975241422653198,0.9987094402313232,0.9969731569290161,0.9939736127853394,0.9752660784418541,0.9967976808547974,0.9773101210594177,0.9686486721038818,0.8879832029342651,0.9218255877494812,0.8449586371256825,0.9308457374572754
es_ser2_103,spanish,ser_vs_estar,partial,-0.008202910423278809,-0.009181201457977295,-0.04481405019760132,-0.03502589464187622,-0.00979719952758873,-0.02116703987121582,0.9988123178482056,0.9989192485809326,0.9944298267364502,0.9985987544059753,0.9839643637755968,0.9958559274673462,0.9906094074249268,0.9897380471229553,0.9496157765388489,0.9635728597640991,0.9741671642480081,0.9746888875961304
es_ser2_105,spanish,ser_vs_estar,partial,-0.003298640251159668,-0.009463012218475342,-0.04771202802658081,-0.012861967086791992,-0.011728289653513357,-0.006495952606201172,0.995546281337738,0.9969689846038818,0.9980760216712952,0.9990121126174927,0.9804933008565673,0.9958003759384155,0.9922476410865784,0.9875059723854065,0.9503639936447144,0.9861501455307007,0.9687650112030539,0.9893044233322144
es_ser2_106,spanish,ser_vs_estar,partial,-0.026371419429779053,-0.01659262180328369,-0.11818110942840576,-0.0423579216003418,-0.2934755074542943,-0.040124714374542236,0.9934236407279968,0.9958130121231079,0.9929578304290771,0.9940347671508789,0.9736112589313322,0.9796644449234009,0.9670522212982178,0.9792203903198242,0.8747767210006714,0.9516768455505371,0.6801357514770379,0.9395397305488586
es_ser2_107,spanish,ser_vs_estar,partial,-0.01994478702545166,-0.022780418395996094,-0.09177470207214355,-0.09958440065383911,-0.038108137019483124,-0.08985745906829834,0.9952927827835083,0.9951924085617065,0.9985272884368896,0.9981174468994141,0.8850947032674408,0.990041971206665,0.9753479957580566,0.9724119901657104,0.9067525863647461,0.898533046245575,0.8469865662479577,0.9001845121383667
es_ser2_108,spanish,ser_vs_estar,partial,-0.005205035209655762,-0.01519995927810669,-0.09258675575256348,-0.03688555955886841,-0.015223780129855813,-0.027474939823150635,0.9927239418029785,0.994581937789917,0.9931769371032715,0.994423508644104,0.9738932038065997,0.9914517998695374,0.9875189065933228,0.9793819785118103,0.900590181350708,0.9575379490852356,0.9586694236767439,0.9639768600463867
es_ser2_109,spanish,ser_vs_estar,partial,-0.020676791667938232,-0.02152317762374878,-0.15690958499908447,-0.013682842254638672,-0.33125563070850605,-0.05876278877258301,0.9940167665481567,0.9947874546051025,0.995972752571106,0.9964152574539185,0.9635388531522449,0.9874254465103149,0.9733399748802185,0.9732642769813538,0.8390631675720215,0.9827324151992798,0.6322832224437388,0.9286626577377319
es_ser2_110,spanish,ser_vs_estar,partial,-0.009786128997802734,-0.015513718128204346,-0.049618422985076904,-0.014573216438293457,-0.1702142805562007,-0.02078402042388916,0.9970701932907104,0.9933183789253235,0.9960582852363586,0.9903398752212524,0.9630422401263158,0.9957664012908936,0.9872840642929077,0.9778046607971191,0.9464398622512817,0.975766658782959,0.7928279595701151,0.9749823808670044
es_ser_001,spanish,ser_vs_estar,partial,-0.0011295080184936523,-0.0081939697265625,-0.0522955060005188,-0.0459136962890625,-0.02381177425496861,-0.0056915283203125,0.9871093034744263,0.9934712648391724,0.987856924533844,0.9562389850616455,0.9554999010789804,0.9856891632080078,0.9859797954559326,0.9852772951126099,0.9355614185333252,0.910325288772583,0.9316881268240118,0.9799976348876953
es_ser_002,spanish,ser_vs_estar,partial,-0.018669605255126953,-0.023831486701965332,-0.06007838249206543,-0.14760851860046387,-0.25877025946086385,-0.05792081356048584,0.9973978996276855,0.9971426725387573,0.9970824718475342,0.9994076490402222,0.9641663337269135,0.9960528016090393,0.9787282943725586,0.973311185836792,0.9370040893554688,0.8517991304397583,0.7053960742660497,0.9381319880485535
es_ser_003,spanish,ser_vs_estar,partial,-0.016790568828582764,-0.011892914772033691,-0.059100985527038574,-0.027783751487731934,-0.14900256088938624,-0.018143832683563232,0.9955178499221802,0.9913049936294556,0.9892787933349609,0.9940448999404907,0.9695095934397507,0.9821540713310242,0.9787272810935974,0.9794120788574219,0.9301778078079224,0.9662611484527588,0.8205070325503645,0.9640102386474609
es_ser_004,spanish,ser_vs_estar,partial,-0.02172309160232544,-0.027707993984222412,-0.1257951259613037,-0.024558544158935547,-0.1538377292557931,-0.024854540824890137,0.9974843859672546,0.9930208921432495,0.9932304620742798,0.9976990222930908,0.9681040602615281,0.992454469203949,0.9757612943649292,0.9653128981590271,0.8674353361129761,0.9731404781341553,0.814266331005735,0.9675999283790588
es_ser_005,spanish,ser_vs_estar,partial,-0.007060348987579346,-0.003395259380340576,-0.043130457401275635,-0.004412174224853516,-0.02205045874266598,-0.011525750160217285,0.9979410171508789,0.9971501231193542,0.9980595707893372,0.9998060464859009,0.9622464837241451,0.995733380317688,0.9908806681632996,0.9937548637390137,0.9549291133880615,0.9953938722610474,0.9401960249814791,0.9842076301574707
es_ser_006,spanish,ser_vs_estar,partial,-0.007595539093017578,-0.013464689254760742,-0.12759703397750854,-0.036944031715393066,-0.33011188128136437,-0.036636948585510254,0.9920237064361572,0.9913924932479858,0.99693363904953,0.9881590008735657,0.9700270236243662,0.993018388748169,0.9844281673431396,0.9779278039932251,0.8693366050720215,0.9512149691581726,0.6399151423430018,0.9563814401626587
es_ser_007,spanish,ser_vs_estar,partial,-0.014004707336425781,-0.013017475605010986,-0.09791886806488037,-0.03890037536621094,-0.14558266948158138,-0.029747843742370605,0.9980324506759644,0.9962688088417053,0.9915260076522827,0.9971684217453003,0.9704811110836329,0.9925217628479004,0.9840277433395386,0.9832513332366943,0.8936071395874023,0.9582680463790894,0.8248984416020515,0.9627739191055298
es_ser_008,spanish,ser_vs_estar,partial,-0.011210918426513672,-0.010381102561950684,-0.0747915506362915,-0.025932908058166504,-0.01619837576231342,-0.003823995590209961,0.9981992244720459,0.9977909326553345,0.9913957118988037,0.9944925308227539,0.9732067848602338,0.9938032627105713,0.9869883060455322,0.9874098300933838,0.9166041612625122,0.9685596227645874,0.9570084090979204,0.9899792671203613
es_ser_009,spanish,ser_vs_estar,partial,-0.008211255073547363,-0.008656620979309082,-0.03134787082672119,-0.007994532585144043,-0.010530883687318138,-0.007851362228393555,0.9882074594497681,0.9964241981506348,0.9988601207733154,0.9992393255233765,0.9831157579650759,0.9982889890670776,0.9799962043762207,0.9877675771713257,0.9675122499465942,0.9912447929382324,0.9725848742777577,0.9904376268386841
es_ser_010,spanish,ser_vs_estar,partial,-0.01865100860595703,-0.009308099746704102,-0.0517314076423645,-0.01746082305908203,-0.13914663991251963,-0.012750804424285889,0.9979631900787354,0.9955927133560181,0.9978016018867493,0.9985674619674683,0.9722608996663313,0.9939770698547363,0.9793121814727783,0.986284613609314,0.9460701942443848,0.9811066389083862,0.8331142597538117,0.9812262654304504
es_ser_011,spanish,ser_vs_estar,partial,-0.020139217376708984,-0.018439292907714844,-0.10065674781799316,-0.023201704025268555,-0.20426585711644152,-0.029490351676940918,0.9954546689987183,0.994193434715271,0.9954417943954468,0.9833108186721802,0.9644916392700706,0.9894213676452637,0.9753154516220093,0.9757541418075562,0.8947850465774536,0.9601091146469116,0.7602257821536291,0.9599310159683228
es_ser_012,spanish,ser_vs_estar,non_flattening,-0.005944371223449707,-0.010287642478942871,-0.07312321662902832,-0.02911466360092163,-0.32104514005860874,-0.016963839530944824,0.9961907863616943,0.9971617460250854,0.9952937364578247,0.9908559322357178,0.9693347912759489,0.9908508062362671,0.9902464151382446,0.9868741035461426,0.9221705198287964,0.9617412686347961,0.6482896512173402,0.9738869667053223
es_ser_013,spanish,ser_vs_estar,non_flattening,-0.0263252854347229,-0.005658745765686035,-0.11604630947113037,-0.1963808536529541,-0.01697320346048503,-0.05766785144805908,0.9931002259254456,0.9778264164924622,0.9892730712890625,0.9676779508590698,0.9704193287939161,0.9810465574264526,0.9667749404907227,0.9721676707267761,0.8732267618179321,0.7712970972061157,0.9534461253334311,0.9233787059783936
es_ser_014,spanish,ser_vs_estar,non_flattening,-0.007345974445343018,-0.01875019073486328,-0.0828520655632019,-0.021183788776397705,-0.3433131306085908,-0.004079580307006836,0.984735906124115,0.991829514503479,0.9823875427246094,0.949971079826355,0.9687026982743645,0.9330726861953735,0.977389931678772,0.9730793237686157,0.8995354771614075,0.9287872910499573,0.6253895676657737,0.9289931058883667
es_ser_015,spanish,ser_vs_estar,partial,-0.004119932651519775,-0.005550861358642578,-0.05457568168640137,-0.018884778022766113,-0.01829564805067374,-0.0019097328186035156,0.9969459176063538,0.9976743459701538,0.9966102838516235,0.9954304695129395,0.9677095417822144,0.9953941106796265,0.992825984954834,0.9921234846115112,0.9420346021652222,0.9765456914901733,0.9494138937315406,0.993484377861023
es_ser_016,spanish,ser_vs_estar,partial,-0.01344066858291626,-0.011176824569702148,-0.10975593328475952,-0.029904842376708984,-0.23811315433731506,-0.017861247062683105,0.9964618682861328,0.9954841136932373,0.9959083795547485,0.9983322620391846,0.9615029535492822,0.9730764627456665,0.9830211997032166,0.9843072891235352,0.886152446269989,0.9684274196624756,0.7233897992119671,0.9552152156829834
es_ser_017,spanish,ser_vs_estar,partial,-0.023055076599121094,-0.017346203327178955,-0.09148073196411133,-0.025234580039978027,-0.14616003031147384,-0.03316664695739746,0.9983830451965332,0.9966438412666321,0.9979426860809326,0.9991241693496704,0.9781851397961152,0.9963034391403198,0.9753279685974121,0.9792976379394531,0.9064619541168213,0.9738895893096924,0.8320251094846414,0.9631367921829224
